1.04166667e-02	1.01041667e+00	9.93307158e-01	-9.93307158e-89	9.93305812e-89	3.27935409e-02	
2.08333333e-02	1.02083333e+00	9.93307141e-01	-9.93307141e-89	9.93308355e-89	6.56433072e-02	
3.12500000e-02	1.03125000e+00	9.93307154e-01	-9.93307154e-89	9.93306461e-89	9.85620837e-02	
4.16666667e-02	1.04166667e+00	9.93307148e-01	-9.93307148e-89	9.93307285e-89	1.31562418e-01	
5.20833333e-02	1.05208333e+00	9.93307156e-01	-9.93307156e-89	9.93306174e-89	1.64656731e-01	
6.25000000e-02	1.06250000e+00	9.93307147e-01	-9.93307147e-89	9.93307458e-89	1.97857253e-01	
7.29166667e-02	1.07291667e+00	9.93307142e-01	-9.93307142e-89	9.93308168e-89	2.31176064e-01	
8.33333333e-02	1.08333333e+00	9.93307161e-01	-9.93307161e-89	9.93305453e-89	2.64625220e-01	
9.37500000e-02	1.09375000e+00	9.93307146e-01	-9.93307146e-89	9.93307561e-89	2.98216709e-01	
1.04166667e-01	1.10416667e+00	9.93307140e-01	-9.93307140e-89	9.93308484e-89	3.31962493e-01	
1.14583333e-01	1.11458333e+00	9.93307152e-01	-9.93307152e-89	9.93306773e-89	3.65874563e-01	
1.25000000e-01	1.12500000e+00	9.93307155e-01	-9.93307155e-89	9.93306224e-89	3.99964984e-01	
1.35416667e-01	1.13541667e+00	9.93307142e-01	-9.93307142e-89	9.93308169e-89	4.34245932e-01	
1.45833333e-01	1.14583333e+00	9.93307150e-01	-9.93307150e-89	9.93307045e-89	4.68729690e-01	
1.56250000e-01	1.15625000e+00	9.93307149e-01	-9.93307149e-89	9.93307137e-89	5.03428734e-01	
1.66666667e-01	1.16666667e+00	9.93307145e-01	-9.93307145e-89	9.93307808e-89	5.38355787e-01	
1.77083333e-01	1.17708333e+00	9.93307150e-01	-9.93307150e-89	9.93307084e-89	5.73523816e-01	
1.87500000e-01	1.18750000e+00	9.93307145e-01	-9.93307145e-89	9.93307764e-89	6.08946108e-01	
1.97916667e-01	1.19791667e+00	9.93307153e-01	-9.93307153e-89	9.93306555e-89	6.44636291e-01	
2.08333333e-01	1.20833333e+00	9.93307150e-01	-9.93307150e-89	9.93307078e-89	6.80608441e-01	
2.18750000e-01	1.21875000e+00	9.93307145e-01	-9.93307145e-89	9.93307797e-89	7.16877068e-01	
2.29166667e-01	1.22916667e+00	9.93307150e-01	-9.93307150e-89	9.93307077e-89	7.53457188e-01	
2.39583333e-01	1.23958333e+00	9.93307143e-01	-9.93307143e-89	9.93308017e-89	7.90364417e-01	
2.50000000e-01	1.25000000e+00	9.93307144e-01	-9.93307144e-89	9.93307886e-89	8.27614935e-01	
2.60416667e-01	1.26041667e+00	9.93307154e-01	-9.93307154e-89	9.93306360e-89	8.65225606e-01	
2.70833333e-01	1.27083333e+00	9.93307141e-01	-9.93307141e-89	9.93308405e-89	9.03214059e-01	
2.81250000e-01	1.28125000e+00	9.93307150e-01	-9.93307150e-89	9.93307053e-89	9.41598615e-01	
2.91666667e-01	1.29166667e+00	9.93307145e-01	-9.93307145e-89	9.93307795e-89	9.80398450e-01	
3.02083333e-01	1.30208333e+00	9.93307142e-01	-9.93307142e-89	9.93308204e-89	1.01963356e+00	
3.12500000e-01	1.31250000e+00	9.93307135e-01	-9.93307135e-89	9.93309223e-89	1.05932491e+00	
3.22916667e-01	1.32291667e+00	9.93307136e-01	-9.93307136e-89	9.93309016e-89	1.09949429e+00	
3.33333333e-01	1.33333333e+00	9.93307127e-01	-9.93307127e-89	9.93310464e-89	1.14016451e+00	
3.43750000e-01	1.34375000e+00	9.93307113e-01	-9.93307113e-89	9.93312447e-89	1.18135930e+00	
3.54166667e-01	1.35416667e+00	9.93307092e-01	-9.93307092e-89	9.93315640e-89	1.22310343e+00	
3.64583333e-01	1.36458333e+00	9.93307069e-01	-9.93307069e-89	9.93319078e-89	1.26542265e+00	
3.75000000e-01	1.37500000e+00	9.93307032e-01	-9.93307032e-89	9.93324462e-89	1.30834369e+00	
3.85416667e-01	1.38541667e+00	9.93306989e-01	-9.93306989e-89	9.93330850e-89	1.35189427e+00	
3.95833333e-01	1.39583333e+00	9.93306920e-01	-9.93306920e-89	9.93341185e-89	1.39610306e+00	
4.06250000e-01	1.40625000e+00	9.93306832e-01	-9.93306832e-89	9.93354183e-89	1.44099969e+00	
4.16666667e-01	1.41666667e+00	9.93306725e-01	-9.93306725e-89	9.93370014e-89	1.48661472e+00	
4.27083333e-01	1.42708333e+00	9.93306576e-01	-9.93306576e-89	9.93392159e-89	1.53297955e+00	
4.37500000e-01	1.43750000e+00	9.93306388e-01	-9.93306388e-89	9.93420114e-89	1.58012641e+00	
4.47916667e-01	1.44791667e+00	9.93306160e-01	-9.93306160e-89	9.93453875e-89	1.62808826e+00	
4.58333333e-01	1.45833333e+00	9.93305857e-01	-9.93305857e-89	9.93498935e-89	1.67689884e+00	
4.68750000e-01	1.46875000e+00	9.93305493e-01	-9.93305493e-89	9.93552956e-89	1.72659246e+00	
4.79166667e-01	1.47916667e+00	9.93305041e-01	-9.93305041e-89	9.93619959e-89	1.77720399e+00	
4.89583333e-01	1.48958333e+00	9.93304489e-01	-9.93304489e-89	9.93701971e-89	1.82876881e+00	
5.00000000e-01	1.50000000e+00	9.93303819e-01	-9.93303819e-89	9.93801313e-89	1.88132269e+00	
5.10416667e-01	1.51041667e+00	9.93303008e-01	-9.93303008e-89	9.93921671e-89	1.93490166e+00	
5.20833333e-01	1.52083333e+00	9.93302044e-01	-9.93302044e-89	9.94064765e-89	1.98954200e+00	
5.31250000e-01	1.53125000e+00	9.93300893e-01	-9.93300893e-89	9.94235562e-89	2.04528012e+00	
5.41666667e-01	1.54166667e+00	9.93299536e-01	-9.93299536e-89	9.94436995e-89	2.10215241e+00	
5.52083333e-01	1.55208333e+00	9.93297949e-01	-9.93297949e-89	9.94672597e-89	2.16019521e+00	
5.62500000e-01	1.56250000e+00	9.93296083e-01	-9.93296083e-89	9.94949432e-89	2.21944468e+00	
5.72916667e-01	1.57291667e+00	9.93293919e-01	-9.93293919e-89	9.95270645e-89	2.27993668e+00	
5.83333333e-01	1.58333333e+00	9.93291420e-01	-9.93291420e-89	9.95641576e-89	2.34170671e+00	
5.93750000e-01	1.59375000e+00	9.93288546e-01	-9.93288546e-89	9.96068133e-89	2.40478981e+00	
6.04166667e-01	1.60416667e+00	9.93285245e-01	-9.93285245e-89	9.96558028e-89	2.46922044e+00	
6.14583333e-01	1.61458333e+00	9.93281480e-01	-9.93281480e-89	9.97116847e-89	2.53503238e+00	
6.25000000e-01	1.62500000e+00	9.93277205e-01	-9.93277205e-89	9.97751221e-89	2.60225864e+00	
6.35416667e-01	1.63541667e+00	9.93272364e-01	-9.93272364e-89	9.98469716e-89	2.67093144e+00	
6.45833333e-01	1.64583333e+00	9.93266902e-01	-9.93266902e-89	9.99280296e-89	2.74108204e+00	
6.56250000e-01	1.65625000e+00	9.93260771e-01	-9.93260771e-89	1.00019020e-88	2.81274068e+00	
6.66666667e-01	1.66666667e+00	9.93253898e-01	-9.93253898e-89	1.00121033e-88	2.88593651e+00	
6.77083333e-01	1.67708333e+00	9.93246234e-01	-9.93246234e-89	1.00234768e-88	2.96069768e+00	
6.87500000e-01	1.68750000e+00	9.93237698e-01	-9.93237698e-89	1.00361458e-88	3.03705046e+00	
6.97916667e-01	1.69791667e+00	9.93228229e-01	-9.93228229e-89	1.00501987e-88	3.11502082e+00	
7.08333333e-01	1.70833333e+00	9.93217758e-01	-9.93217758e-89	1.00657397e-88	3.19463271e+00	
7.18750000e-01	1.71875000e+00	9.93206204e-01	-9.93206204e-89	1.00828877e-88	3.27590882e+00	
7.29166667e-01	1.72916667e+00	9.93193492e-01	-9.93193492e-89	1.01017539e-88	3.35887039e+00	
7.39583333e-01	1.73958333e+00	9.93179545e-01	-9.93179545e-89	1.01224526e-88	3.44353714e+00	
7.50000000e-01	1.75000000e+00	9.93164272e-01	-9.93164272e-89	1.01451203e-88	3.52992731e+00	
7.60416667e-01	1.76041667e+00	9.93147594e-01	-9.93147594e-89	1.01698717e-88	3.61805750e+00	
7.70833333e-01	1.77083333e+00	9.93129425e-01	-9.93129425e-89	1.01968373e-88	3.70794275e+00	
7.81250000e-01	1.78125000e+00	9.93109674e-01	-9.93109674e-89	1.02261510e-88	3.79959641e+00	
7.91666667e-01	1.79166667e+00	9.93088244e-01	-9.93088244e-89	1.02579555e-88	3.89303023e+00	
8.02083333e-01	1.80208333e+00	9.93065039e-01	-9.93065039e-89	1.02923947e-88	3.98825431e+00	
8.12500000e-01	1.81250000e+00	9.93039972e-01	-9.93039972e-89	1.03295974e-88	4.08527704e+00	
8.22916667e-01	1.82291667e+00	9.93012937e-01	-9.93012937e-89	1.03697214e-88	4.18410517e+00	
8.33333333e-01	1.83333333e+00	9.92983838e-01	-9.92983838e-89	1.04129073e-88	4.28474374e+00	
8.43750000e-01	1.84375000e+00	9.92952572e-01	-9.92952572e-89	1.04593108e-88	4.38719487e+00	
8.54166667e-01	1.85416667e+00	9.92919040e-01	-9.92919040e-89	1.05090769e-88	4.49146411e+00	
8.64583333e-01	1.86458333e+00	9.92883130e-01	-9.92883130e-89	1.05623710e-88	4.59754770e+00	
8.75000000e-01	1.87500000e+00	9.92844744e-01	-9.92844744e-89	1.06193412e-88	4.70544532e+00	
8.85416667e-01	1.88541667e+00	9.92803768e-01	-9.92803768e-89	1.06801545e-88	4.81515378e+00	
8.95833333e-01	1.89583333e+00	9.92760100e-01	-9.92760100e-89	1.07449637e-88	4.92666828e+00	
9.06250000e-01	1.90625000e+00	9.92713628e-01	-9.92713628e-89	1.08139347e-88	5.03998244e+00	
9.16666667e-01	1.91666667e+00	9.92664247e-01	-9.92664247e-89	1.08872235e-88	5.15508837e+00	
9.27083333e-01	1.92708333e+00	9.92611847e-01	-9.92611847e-89	1.09649911e-88	5.27197664e+00	
9.37500000e-01	1.93750000e+00	9.92556319e-01	-9.92556319e-89	1.10474019e-88	5.39063634e+00	
9.47916667e-01	1.94791667e+00	9.92497545e-01	-9.92497545e-89	1.11346310e-88	5.51105508e+00	
9.58333333e-01	1.95833333e+00	9.92435421e-01	-9.92435421e-89	1.12268301e-88	5.63321907e+00	
9.68750000e-01	1.96875000e+00	9.92369842e-01	-9.92369842e-89	1.13241583e-88	5.75711316e+00	
9.79166667e-01	1.97916667e+00	9.92300692e-01	-9.92300692e-89	1.14267865e-88	5.88272088e+00	
9.89583333e-01	1.98958333e+00	9.92227861e-01	-9.92227861e-89	1.15348771e-88	6.01002445e+00	
1.00000000e+00	2.00000000e+00	9.92151242e-01	-9.92151242e-89	1.16485894e-88	6.13900484e+00	
1.01041667e+00	2.01041667e+00	9.92070715e-01	-9.92070715e-89	1.17681018e-88	6.26963653e+00	
1.02083333e+00	2.02083333e+00	9.91986206e-01	-9.91986206e-89	1.18935242e-88	6.40191409e+00	
1.03125000e+00	2.03125000e+00	9.91897576e-01	-9.91897576e-89	1.20250639e-88	6.53579892e+00	
1.04166667e+00	2.04166667e+00	9.91804724e-01	-9.91804724e-89	1.21628679e-88	6.67127293e+00	
1.05208333e+00	2.05208333e+00	9.91707552e-01	-9.91707552e-89	1.23070847e-88	6.80831146e+00	
1.06250000e+00	2.06250000e+00	9.91605956e-01	-9.91605956e-89	1.24578662e-88	6.94688896e+00	
1.07291667e+00	2.07291667e+00	9.91499825e-01	-9.91499825e-89	1.26153786e-88	7.08697894e+00	
1.08333333e+00	2.08333333e+00	9.91389062e-01	-9.91389062e-89	1.27797646e-88	7.22855404e+00	
1.09375000e+00	2.09375000e+00	9.91273573e-01	-9.91273573e-89	1.29511653e-88	7.37158605e+00	
1.10416667e+00	2.10416667e+00	9.91153256e-01	-9.91153256e-89	1.31297325e-88	7.51604597e+00	
1.11458333e+00	2.11458333e+00	9.91028013e-01	-9.91028013e-89	1.33156097e-88	7.66190407e+00	
1.12500000e+00	2.12500000e+00	9.90897747e-01	-9.90897747e-89	1.35089415e-88	7.80912995e+00	
1.13541667e+00	2.13541667e+00	9.90762364e-01	-9.90762364e-89	1.37098673e-88	7.95769261e+00	
1.14583333e+00	2.14583333e+00	9.90621775e-01	-9.90621775e-89	1.39185201e-88	8.10756038e+00	
1.15625000e+00	2.15625000e+00	9.90475893e-01	-9.90475893e-89	1.41350288e-88	8.25870104e+00	
1.16666667e+00	2.16666667e+00	9.90324627e-01	-9.90324627e-89	1.43595267e-88	8.41108186e+00	
1.17708333e+00	2.17708333e+00	9.90167910e-01	-9.90167910e-89	1.45921153e-88	8.56468023e+00	
1.18750000e+00	2.18750000e+00	9.90005601e-01	-9.90005601e-89	1.48330040e-88	8.71943065e+00	
1.19791667e+00	2.19791667e+00	9.89837681e-01	-9.89837681e-89	1.50822182e-88	8.87533153e+00	
1.20833333e+00	2.20833333e+00	9.89664046e-01	-9.89664046e-89	1.53399162e-88	9.03233730e+00	
1.21875000e+00	2.21875000e+00	9.89484617e-01	-9.89484617e-89	1.56062128e-88	9.19041358e+00	
1.22916667e+00	2.22916667e+00	9.89299322e-01	-9.89299322e-89	1.58812136e-88	9.34952552e+00	
1.23958333e+00	2.23958333e+00	9.89108092e-01	-9.89108092e-89	1.61650254e-88	9.50963798e+00	
1.25000000e+00	2.25000000e+00	9.88910851e-01	-9.88910851e-89	1.64577564e-88	9.67071572e+00	
1.26041667e+00	2.26041667e+00	9.88707533e-01	-9.88707533e-89	1.67595064e-88	9.83272330e+00	
1.27083333e+00	2.27083333e+00	9.88498077e-01	-9.88498077e-89	1.70703670e-88	9.99562518e+00	
1.28125000e+00	2.28125000e+00	9.88282415e-01	-9.88282415e-89	1.73904380e-88	1.01593858e+01	
1.29166667e+00	2.29166667e+00	9.88060483e-01	-9.88060483e-89	1.77198139e-88	1.03239695e+01	
1.30208333e+00	2.30208333e+00	9.87832229e-01	-9.87832229e-89	1.80585740e-88	1.04893405e+01	
1.31250000e+00	2.31250000e+00	9.87597597e-01	-9.87597597e-89	1.84067979e-88	1.06554633e+01	
1.32291667e+00	2.32291667e+00	9.87356532e-01	-9.87356532e-89	1.87645706e-88	1.08223022e+01	
1.33333333e+00	2.33333333e+00	9.87108980e-01	-9.87108980e-89	1.91319697e-88	1.09898217e+01	
1.34375000e+00	2.34375000e+00	9.86855005e-01	-9.86855005e-89	1.95089022e-88	1.11580417e+01	
1.35416667e+00	2.35416667e+00	9.86594229e-01	-9.86594229e-89	1.98959287e-88	1.13267611e+01	
1.36458333e+00	2.36458333e+00	9.86326940e-01	-9.86326940e-89	2.02926199e-88	1.14961104e+01	
1.37500000e+00	2.37500000e+00	9.86052990e-01	-9.86052990e-89	2.06991983e-88	1.16659996e+01	
1.38541667e+00	2.38541667e+00	9.85772337e-01	-9.85772337e-89	2.11157241e-88	1.18363938e+01	
1.39583333e+00	2.39583333e+00	9.85484943e-01	-9.85484943e-89	2.15422550e-88	1.20072585e+01	
1.40625000e+00	2.40625000e+00	9.85190774e-01	-9.85190774e-89	2.19788404e-88	1.21785595e+01	
1.41666667e+00	2.41666667e+00	9.84889801e-01	-9.84889801e-89	2.24255234e-88	1.23502626e+01	
1.42708333e+00	2.42708333e+00	9.84581995e-01	-9.84581995e-89	2.28823486e-88	1.25223342e+01	
1.43750000e+00	2.43750000e+00	9.84267326e-01	-9.84267326e-89	2.33493586e-88	1.26947408e+01	
1.44791667e+00	2.44791667e+00	9.83945771e-01	-9.83945771e-89	2.38265879e-88	1.28674493e+01	
1.45833333e+00	2.45833333e+00	9.83617310e-01	-9.83617310e-89	2.43140679e-88	1.30404269e+01	
1.46875000e+00	2.46875000e+00	9.83281920e-01	-9.83281920e-89	2.48118304e-88	1.32136412e+01	
1.47916667e+00	2.47916667e+00	9.82939584e-01	-9.82939584e-89	2.53199019e-88	1.33870601e+01	
1.48958333e+00	2.48958333e+00	9.82590287e-01	-9.82590287e-89	2.58383056e-88	1.35606519e+01	
1.50000000e+00	2.50000000e+00	9.82234014e-01	-9.82234014e-89	2.63670607e-88	1.37343853e+01	
1.51041667e+00	2.51041667e+00	9.81870891e-01	-9.81870891e-89	2.69059835e-88	1.39082965e+01	
1.52083333e+00	2.52083333e+00	9.81500510e-01	-9.81500510e-89	2.74556777e-88	1.40821559e+01	
1.53125000e+00	2.53125000e+00	9.81123250e-01	-9.81123250e-89	2.80155806e-88	1.42561278e+01	
1.54166667e+00	2.54166667e+00	9.80738989e-01	-9.80738989e-89	2.85858750e-88	1.44301225e+01	
1.55208333e+00	2.55208333e+00	9.80347719e-01	-9.80347719e-89	2.91665705e-88	1.46041084e+01	
1.56250000e+00	2.56250000e+00	9.79949441e-01	-9.79949441e-89	2.97576685e-88	1.47780568e+01	
1.57291667e+00	2.57291667e+00	9.79544152e-01	-9.79544152e-89	3.03591695e-88	1.49519393e+01	
1.58333333e+00	2.58333333e+00	9.79131857e-01	-9.79131857e-89	3.09710706e-88	1.51257281e+01	
1.59375000e+00	2.59375000e+00	9.78712561e-01	-9.78712561e-89	3.15933611e-88	1.52993957e+01	
1.60416667e+00	2.60416667e+00	9.78286273e-01	-9.78286273e-89	3.22260277e-88	1.54729153e+01	
1.61458333e+00	2.61458333e+00	9.77853002e-01	-9.77853002e-89	3.28690598e-88	1.56462604e+01	
1.62500000e+00	2.62500000e+00	9.77412754e-01	-9.77412754e-89	3.35224460e-88	1.58194049e+01	
1.63541667e+00	2.63541667e+00	9.76965542e-01	-9.76965542e-89	3.41861672e-88	1.59923235e+01	
1.64583333e+00	2.64583333e+00	9.76511383e-01	-9.76511383e-89	3.48601991e-88	1.61649910e+01	
1.65625000e+00	2.65625000e+00	9.76050293e-01	-9.76050293e-89	3.55445163e-88	1.63373830e+01	
1.66666667e+00	2.66666667e+00	9.75582290e-01	-9.75582290e-89	3.62390941e-88	1.65094754e+01	
1.67708333e+00	2.67708333e+00	9.75107322e-01	-9.75107322e-89	3.69440096e-88	1.66812116e+01	
1.68750000e+00	2.68750000e+00	9.74625607e-01	-9.74625607e-89	3.76589386e-88	1.68526653e+01	
1.69791667e+00	2.69791667e+00	9.74136980e-01	-9.74136980e-89	3.83841246e-88	1.70237216e+01	
1.70833333e+00	2.70833333e+00	9.73641520e-01	-9.73641520e-89	3.91194531e-88	1.71943850e+01	
1.71875000e+00	2.71875000e+00	9.73139253e-01	-9.73139253e-89	3.98648825e-88	1.73646357e+01	
1.72916667e+00	2.72916667e+00	9.72630207e-01	-9.72630207e-89	4.06203740e-88	1.75344527e+01	
1.73958333e+00	2.73958333e+00	9.72114410e-01	-9.72114410e-89	4.13858853e-88	1.77038155e+01	
1.75000000e+00	2.75000000e+00	9.71591891e-01	-9.71591891e-89	4.21613725e-88	1.78727037e+01	
1.76041667e+00	2.76041667e+00	9.71062680e-01	-9.71062680e-89	4.29467913e-88	1.80410978e+01	
1.77083333e+00	2.77083333e+00	9.70526808e-01	-9.70526808e-89	4.37420952e-88	1.82089785e+01	
1.78125000e+00	2.78125000e+00	9.69984309e-01	-9.69984309e-89	4.45472352e-88	1.83763271e+01	
1.79166667e+00	2.79166667e+00	9.69435216e-01	-9.69435216e-89	4.53621622e-88	1.85431253e+01	
1.80208333e+00	2.80208333e+00	9.68879562e-01	-9.68879562e-89	4.61868253e-88	1.87093554e+01	
1.81250000e+00	2.81250000e+00	9.68317385e-01	-9.68317385e-89	4.70211695e-88	1.88750000e+01	
1.82291667e+00	2.82291667e+00	9.67748724e-01	-9.67748724e-89	4.78651376e-88	1.90400423e+01	
1.83333333e+00	2.83333333e+00	9.67173617e-01	-9.67173617e-89	4.87186725e-88	1.92044659e+01	
1.84375000e+00	2.84375000e+00	9.66591614e-01	-9.66591614e-89	4.95824410e-88	1.93680111e+01	
1.85416667e+00	2.85416667e+00	9.66004196e-01	-9.66004196e-89	5.04542469e-88	1.95313824e+01	
1.86458333e+00	2.86458333e+00	9.65410009e-01	-9.65410009e-89	5.13360991e-88	1.96938669e+01	
1.87500000e+00	2.87500000e+00	9.64809514e-01	-9.64809514e-89	5.22273118e-88	1.98556607e+01	
1.88541667e+00	2.88541667e+00	9.64202777e-01	-9.64202777e-89	5.31277902e-88	2.00167603e+01	
1.89583333e+00	2.89583333e+00	9.63589841e-01	-9.63589841e-89	5.40374679e-88	2.01771521e+01	
1.90625000e+00	2.90625000e+00	9.62970751e-01	-9.62970751e-89	5.49562776e-88	2.03368228e+01	
1.91666667e+00	2.91666667e+00	9.62345555e-01	-9.62345555e-89	5.58841517e-88	2.04957594e+01	
1.92708333e+00	2.92708333e+00	9.61714296e-01	-9.61714296e-89	5.68210226e-88	2.06539496e+01	
1.93750000e+00	2.93750000e+00	9.61077021e-01	-9.61077021e-89	5.77668223e-88	2.08113812e+01	
1.94791667e+00	2.94791667e+00	9.60433777e-01	-9.60433777e-89	5.87214811e-88	2.09680426e+01	
1.95833333e+00	2.95833333e+00	9.59784612e-01	-9.59784612e-89	5.96849279e-88	2.11239225e+01	
1.96875000e+00	2.96875000e+00	9.59129575e-01	-9.59129575e-89	6.06570892e-88	2.12790100e+01	
1.97916667e+00	2.97916667e+00	9.58468716e-01	-9.58468716e-89	6.16378912e-88	2.14332946e+01	
1.98958333e+00	2.98958333e+00	9.57802083e-01	-9.57802083e-89	6.26272610e-88	2.15867662e+01	
2.00000000e+00	3.00000000e+00	9.57129728e-01	-9.57129728e-89	6.36251253e-88	2.17394151e+01	
2.01041667e+00	3.00000000e+00	9.57129728e-01	-9.57129728e-89	6.36251253e-88	2.17394151e+01	
2.02083333e+00	3.00000000e+00	9.57129728e-01	-9.57129728e-89	6.36251253e-88	2.17394151e+01	
2.03125000e+00	3.00000000e+00	9.57129728e-01	-9.57129728e-89	6.36251253e-88	2.17394151e+01	
2.04166667e+00	3.00000000e+00	9.57129728e-01	-9.57129728e-89	6.36251253e-88	2.17394151e+01	
2.05208333e+00	3.00000000e+00	9.57129728e-01	-9.57129728e-89	6.36251253e-88	2.17394151e+01	
2.06250000e+00	3.00000000e+00	9.57129728e-01	-9.57129728e-89	6.36251253e-88	2.17394151e+01	
2.07291667e+00	3.00000000e+00	9.57129728e-01	-9.57129728e-89	6.36251253e-88	2.17394151e+01	
2.08333333e+00	3.00000000e+00	9.57129728e-01	-9.57129728e-89	6.36251253e-88	2.17394151e+01	
2.09375000e+00	3.00000000e+00	9.57129728e-01	-9.57129728e-89	6.36251253e-88	2.17394151e+01	
2.10416667e+00	3.00000000e+00	9.57129728e-01	-9.57129728e-89	6.36251253e-88	2.17394151e+01	
2.11458333e+00	3.00000000e+00	9.57129728e-01	-9.57129728e-89	6.36251253e-88	2.17394151e+01	
2.12500000e+00	3.00000000e+00	9.57129728e-01	-9.57129728e-89	6.36251253e-88	2.17394151e+01	
2.13541667e+00	3.00000000e+00	9.57129728e-01	-9.57129728e-89	6.36251253e-88	2.17394151e+01	
2.14583333e+00	3.00000000e+00	9.57129728e-01	-9.57129728e-89	6.36251253e-88	2.17394151e+01	
2.15625000e+00	3.00000000e+00	9.57129728e-01	-9.57129728e-89	6.36251253e-88	2.17394151e+01	
2.16666667e+00	3.00000000e+00	9.57129728e-01	-9.57129728e-89	6.36251253e-88	2.17394151e+01	
2.17708333e+00	3.00000000e+00	9.57129728e-01	-9.57129728e-89	6.36251253e-88	2.17394151e+01	
2.18750000e+00	3.00000000e+00	9.57129728e-01	-9.57129728e-89	6.36251253e-88	2.17394151e+01	
2.19791667e+00	3.00000000e+00	9.57129728e-01	-9.57129728e-89	6.36251253e-88	2.17394151e+01	
2.20833333e+00	3.00000000e+00	9.57129728e-01	-9.57129728e-89	6.36251253e-88	2.17394151e+01	
2.21875000e+00	3.00000000e+00	9.57129728e-01	-9.57129728e-89	6.36251253e-88	2.17394151e+01	
2.22916667e+00	3.00000000e+00	9.57129728e-01	-9.57129728e-89	6.36251253e-88	2.17394151e+01	
2.23958333e+00	3.00000000e+00	9.57129728e-01	-9.57129728e-89	6.36251253e-88	2.17394151e+01	
2.25000000e+00	3.00000000e+00	9.57129728e-01	-9.57129728e-89	6.36251253e-88	2.17394151e+01	
2.26041667e+00	3.00000000e+00	9.57129728e-01	-9.57129728e-89	6.36251253e-88	2.17394151e+01	
2.27083333e+00	3.00000000e+00	9.57129728e-01	-9.57129728e-89	6.36251253e-88	2.17394151e+01	
2.28125000e+00	3.00000000e+00	9.57129728e-01	-9.57129728e-89	6.36251253e-88	2.17394151e+01	
2.29166667e+00	3.00000000e+00	9.57129728e-01	-9.57129728e-89	6.36251253e-88	2.17394151e+01	
2.30208333e+00	3.00000000e+00	9.57129728e-01	-9.57129728e-89	6.36251253e-88	2.17394151e+01	
2.31250000e+00	3.00000000e+00	9.57129728e-01	-9.57129728e-89	6.36251253e-88	2.17394151e+01	
2.32291667e+00	3.00000000e+00	9.57129728e-01	-9.57129728e-89	6.36251253e-88	2.17394151e+01	
2.33333333e+00	3.00000000e+00	9.57129728e-01	-9.57129728e-89	6.36251253e-88	2.17394151e+01	
2.34375000e+00	3.00000000e+00	9.57129728e-01	-9.57129728e-89	6.36251253e-88	2.17394151e+01	
2.35416667e+00	3.00000000e+00	9.57129728e-01	-9.57129728e-89	6.36251253e-88	2.17394151e+01	
2.36458333e+00	3.00000000e+00	9.57129728e-01	-9.57129728e-89	6.36251253e-88	2.17394151e+01	
2.37500000e+00	3.00000000e+00	9.57129728e-01	-9.57129728e-89	6.36251253e-88	2.17394151e+01	
2.38541667e+00	3.00000000e+00	9.57129728e-01	-9.57129728e-89	6.36251253e-88	2.17394151e+01	
2.39583333e+00	3.00000000e+00	9.57129728e-01	-9.57129728e-89	6.36251253e-88	2.17394151e+01	
2.40625000e+00	3.00000000e+00	9.57129728e-01	-9.57129728e-89	6.36251253e-88	2.17394151e+01	
2.41666667e+00	3.00000000e+00	9.57129728e-01	-9.57129728e-89	6.36251253e-88	2.17394151e+01	
2.42708333e+00	3.00000000e+00	9.57129728e-01	-9.57129728e-89	6.36251253e-88	2.17394151e+01	
2.43750000e+00	3.00000000e+00	9.57129728e-01	-9.57129728e-89	6.36251253e-88	2.17394151e+01	
2.44791667e+00	3.00000000e+00	9.57129728e-01	-9.57129728e-89	6.36251253e-88	2.17394151e+01	
2.45833333e+00	3.00000000e+00	9.57129728e-01	-9.57129728e-89	6.36251253e-88	2.17394151e+01	
2.46875000e+00	3.00000000e+00	9.57129728e-01	-9.57129728e-89	6.36251253e-88	2.17394151e+01	
2.47916667e+00	3.00000000e+00	9.57129728e-01	-9.57129728e-89	6.36251253e-88	2.17394151e+01	
2.48958333e+00	3.00000000e+00	9.57129728e-01	-9.57129728e-89	6.36251253e-88	2.17394151e+01	
2.50000000e+00	3.00000000e+00	9.57129728e-01	-9.57129728e-89	6.36251253e-88	2.17394151e+01	
2.51041667e+00	3.00000000e+00	9.57129728e-01	-9.57129728e-89	6.36251253e-88	2.17394151e+01	
2.52083333e+00	3.00000000e+00	9.57129728e-01	-9.57129728e-89	6.36251253e-88	2.17394151e+01	
2.53125000e+00	3.00000000e+00	9.57129728e-01	-9.57129728e-89	6.36251253e-88	2.17394151e+01	
2.54166667e+00	3.00000000e+00	9.57129728e-01	-9.57129728e-89	6.36251253e-88	2.17394151e+01	
2.55208333e+00	3.00000000e+00	9.57129728e-01	-9.57129728e-89	6.36251253e-88	2.17394151e+01	
2.56250000e+00	3.00000000e+00	9.57129728e-01	-9.57129728e-89	6.36251253e-88	2.17394151e+01	
2.57291667e+00	3.00000000e+00	9.57129728e-01	-9.57129728e-89	6.36251253e-88	2.17394151e+01	
2.58333333e+00	3.00000000e+00	9.57129728e-01	-9.57129728e-89	6.36251253e-88	2.17394151e+01	
2.59375000e+00	3.00000000e+00	9.57129728e-01	-9.57129728e-89	6.36251253e-88	2.17394151e+01	
2.60416667e+00	3.00000000e+00	9.57129728e-01	-9.57129728e-89	6.36251253e-88	2.17394151e+01	
2.61458333e+00	3.00000000e+00	9.57129728e-01	-9.57129728e-89	6.36251253e-88	2.17394151e+01	
2.62500000e+00	3.00000000e+00	9.57129728e-01	-9.57129728e-89	6.36251253e-88	2.17394151e+01	
2.63541667e+00	3.00000000e+00	9.57129728e-01	-9.57129728e-89	6.36251253e-88	2.17394151e+01	
2.64583333e+00	3.00000000e+00	9.57129728e-01	-9.57129728e-89	6.36251253e-88	2.17394151e+01	
2.65625000e+00	3.00000000e+00	9.57129728e-01	-9.57129728e-89	6.36251253e-88	2.17394151e+01	
2.66666667e+00	3.00000000e+00	9.57129728e-01	-9.57129728e-89	6.36251253e-88	2.17394151e+01	
2.67708333e+00	3.00000000e+00	9.57129728e-01	-9.57129728e-89	6.36251253e-88	2.17394151e+01	
2.68750000e+00	3.00000000e+00	9.57129728e-01	-9.57129728e-89	6.36251253e-88	2.17394151e+01	
2.69791667e+00	3.00000000e+00	9.57129728e-01	-9.57129728e-89	6.36251253e-88	2.17394151e+01	
2.70833333e+00	3.00000000e+00	9.57129728e-01	-9.57129728e-89	6.36251253e-88	2.17394151e+01	
2.71875000e+00	3.00000000e+00	9.57129728e-01	-9.57129728e-89	6.36251253e-88	2.17394151e+01	
2.72916667e+00	3.00000000e+00	9.57129728e-01	-9.57129728e-89	6.36251253e-88	2.17394151e+01	
2.73958333e+00	3.00000000e+00	9.57129728e-01	-9.57129728e-89	6.36251253e-88	2.17394151e+01	
2.75000000e+00	3.00000000e+00	9.57129728e-01	-9.57129728e-89	6.36251253e-88	2.17394151e+01	
2.76041667e+00	3.00000000e+00	9.57129728e-01	-9.57129728e-89	6.36251253e-88	2.17394151e+01	
2.77083333e+00	3.00000000e+00	9.57129728e-01	-9.57129728e-89	6.36251253e-88	2.17394151e+01	
2.78125000e+00	3.00000000e+00	9.57129728e-01	-9.57129728e-89	6.36251253e-88	2.17394151e+01	
2.79166667e+00	3.00000000e+00	9.57129728e-01	-9.57129728e-89	6.36251253e-88	2.17394151e+01	
2.80208333e+00	3.00000000e+00	9.57129728e-01	-9.57129728e-89	6.36251253e-88	2.17394151e+01	
2.81250000e+00	3.00000000e+00	9.57129728e-01	-9.57129728e-89	6.36251253e-88	2.17394151e+01	
2.82291667e+00	3.00000000e+00	9.57129728e-01	-9.57129728e-89	6.36251253e-88	2.17394151e+01	
2.83333333e+00	3.00000000e+00	9.57129728e-01	-9.57129728e-89	6.36251253e-88	2.17394151e+01	
2.84375000e+00	3.00000000e+00	9.57129728e-01	-9.57129728e-89	6.36251253e-88	2.17394151e+01	
2.85416667e+00	3.00000000e+00	9.57129728e-01	-9.57129728e-89	6.36251253e-88	2.17394151e+01	
2.86458333e+00	3.00000000e+00	9.57129728e-01	-9.57129728e-89	6.36251253e-88	2.17394151e+01	
2.87500000e+00	3.00000000e+00	9.57129728e-01	-9.57129728e-89	6.36251253e-88	2.17394151e+01	
2.88541667e+00	3.00000000e+00	9.57129728e-01	-9.57129728e-89	6.36251253e-88	2.17394151e+01	
2.89583333e+00	3.00000000e+00	9.57129728e-01	-9.57129728e-89	6.36251253e-88	2.17394151e+01	
2.90625000e+00	3.00000000e+00	9.57129728e-01	-9.57129728e-89	6.36251253e-88	2.17394151e+01	
2.91666667e+00	3.00000000e+00	9.57129728e-01	-9.57129728e-89	6.36251253e-88	2.17394151e+01	
2.92708333e+00	3.00000000e+00	9.57129728e-01	-9.57129728e-89	6.36251253e-88	2.17394151e+01	
2.93750000e+00	3.00000000e+00	9.57129728e-01	-9.57129728e-89	6.36251253e-88	2.17394151e+01	
2.94791667e+00	3.00000000e+00	9.57129728e-01	-9.57129728e-89	6.36251253e-88	2.17394151e+01	
2.95833333e+00	3.00000000e+00	9.57129728e-01	-9.57129728e-89	6.36251253e-88	2.17394151e+01	
2.96875000e+00	3.00000000e+00	9.57129728e-01	-9.57129728e-89	6.36251253e-88	2.17394151e+01	
2.97916667e+00	3.00000000e+00	9.57129728e-01	-9.57129728e-89	6.36251253e-88	2.17394151e+01	
2.98958333e+00	3.00000000e+00	9.57129728e-01	-9.57129728e-89	6.36251253e-88	2.17394151e+01	
3.00000000e+00	3.00000000e+00	9.57129728e-01	-9.57129728e-89	6.36251253e-88	2.17394151e+01	
3.01041667e+00	3.00000000e+00	9.57129728e-01	-9.57129728e-89	6.36251253e-88	2.17394151e+01	
3.02083333e+00	3.00000000e+00	9.57129728e-01	-9.57129728e-89	6.36251253e-88	2.17394151e+01	
3.03125000e+00	3.00000000e+00	9.57129728e-01	-9.57129728e-89	6.36251253e-88	2.17394151e+01	
3.04166667e+00	3.00000000e+00	9.57129728e-01	-9.57129728e-89	6.36251253e-88	2.17394151e+01	
3.05208333e+00	3.00000000e+00	9.57129728e-01	-9.57129728e-89	6.36251253e-88	2.17394151e+01	
3.06250000e+00	3.00000000e+00	9.57129728e-01	-9.57129728e-89	6.36251253e-88	2.17394151e+01	
3.07291667e+00	3.00000000e+00	9.57129728e-01	-9.57129728e-89	6.36251253e-88	2.17394151e+01	
3.08333333e+00	3.00000000e+00	9.57129728e-01	-9.57129728e-89	6.36251253e-88	2.17394151e+01	
3.09375000e+00	3.00000000e+00	9.57129728e-01	-9.57129728e-89	6.36251253e-88	2.17394151e+01	
3.10416667e+00	3.00000000e+00	9.57129728e-01	-9.57129728e-89	6.36251253e-88	2.17394151e+01	
3.11458333e+00	3.00000000e+00	9.57129728e-01	-9.57129728e-89	6.36251253e-88	2.17394151e+01	
3.12500000e+00	3.00000000e+00	9.57129728e-01	-9.57129728e-89	6.36251253e-88	2.17394151e+01	
3.13541667e+00	3.00000000e+00	9.57129728e-01	-9.57129728e-89	6.36251253e-88	2.17394151e+01	
3.14583333e+00	3.00000000e+00	9.57129728e-01	-9.57129728e-89	6.36251253e-88	2.17394151e+01	
3.15625000e+00	3.00000000e+00	9.57129728e-01	-9.57129728e-89	6.36251253e-88	2.17394151e+01	
3.16666667e+00	3.00000000e+00	9.57129728e-01	-9.57129728e-89	6.36251253e-88	2.17394151e+01	
3.17708333e+00	3.00000000e+00	9.57129728e-01	-9.57129728e-89	6.36251253e-88	2.17394151e+01	
3.18750000e+00	3.00000000e+00	9.57129728e-01	-9.57129728e-89	6.36251253e-88	2.17394151e+01	
3.19791667e+00	3.00000000e+00	9.57129728e-01	-9.57129728e-89	6.36251253e-88	2.17394151e+01	
3.20833333e+00	3.00000000e+00	9.57129728e-01	-9.57129728e-89	6.36251253e-88	2.17394151e+01	
3.21875000e+00	3.00000000e+00	9.57129728e-01	-9.57129728e-89	6.36251253e-88	2.17394151e+01	
3.22916667e+00	3.00000000e+00	9.57129728e-01	-9.57129728e-89	6.36251253e-88	2.17394151e+01	
3.23958333e+00	3.00000000e+00	9.57129728e-01	-9.57129728e-89	6.36251253e-88	2.17394151e+01	
3.25000000e+00	3.00000000e+00	9.57129728e-01	-9.57129728e-89	6.36251253e-88	2.17394151e+01	
3.26041667e+00	3.00000000e+00	9.57129728e-01	-9.57129728e-89	6.36251253e-88	2.17394151e+01	
3.27083333e+00	3.00000000e+00	9.57129728e-01	-9.57129728e-89	6.36251253e-88	2.17394151e+01	
3.28125000e+00	3.00000000e+00	9.57129728e-01	-9.57129728e-89	6.36251253e-88	2.17394151e+01	
3.29166667e+00	3.00000000e+00	9.57129728e-01	-9.57129728e-89	6.36251253e-88	2.17394151e+01	
3.30208333e+00	3.00000000e+00	9.57129728e-01	-9.57129728e-89	6.36251253e-88	2.17394151e+01	
3.31250000e+00	3.00000000e+00	9.57129728e-01	-9.57129728e-89	6.36251253e-88	2.17394151e+01	
3.32291667e+00	3.00000000e+00	9.57129728e-01	-9.57129728e-89	6.36251253e-88	2.17394151e+01	
3.33333333e+00	3.00000000e+00	9.57129728e-01	-9.57129728e-89	6.36251253e-88	2.17394151e+01	
3.34375000e+00	3.00000000e+00	9.57129728e-01	-9.57129728e-89	6.36251253e-88	2.17394151e+01	
3.35416667e+00	3.00000000e+00	9.57129728e-01	-9.57129728e-89	6.36251253e-88	2.17394151e+01	
3.36458333e+00	3.00000000e+00	9.57129728e-01	-9.57129728e-89	6.36251253e-88	2.17394151e+01	
3.37500000e+00	3.00000000e+00	9.57129728e-01	-9.57129728e-89	6.36251253e-88	2.17394151e+01	
3.38541667e+00	3.00000000e+00	9.57129728e-01	-9.57129728e-89	6.36251253e-88	2.17394151e+01	
3.39583333e+00	3.00000000e+00	9.57129728e-01	-9.57129728e-89	6.36251253e-88	2.17394151e+01	
3.40625000e+00	3.00000000e+00	9.57129728e-01	-9.57129728e-89	6.36251253e-88	2.17394151e+01	
3.41666667e+00	3.00000000e+00	9.57129728e-01	-9.57129728e-89	6.36251253e-88	2.17394151e+01	
3.42708333e+00	3.00000000e+00	9.57129728e-01	-9.57129728e-89	6.36251253e-88	2.17394151e+01	
3.43750000e+00	3.00000000e+00	9.57129728e-01	-9.57129728e-89	6.36251253e-88	2.17394151e+01	
3.44791667e+00	3.00000000e+00	9.57129728e-01	-9.57129728e-89	6.36251253e-88	2.17394151e+01	
3.45833333e+00	3.00000000e+00	9.57129728e-01	-9.57129728e-89	6.36251253e-88	2.17394151e+01	
3.46875000e+00	3.00000000e+00	9.57129728e-01	-9.57129728e-89	6.36251253e-88	2.17394151e+01	
3.47916667e+00	3.00000000e+00	9.57129728e-01	-9.57129728e-89	6.36251253e-88	2.17394151e+01	
3.48958333e+00	3.00000000e+00	9.57129728e-01	-9.57129728e-89	6.36251253e-88	2.17394151e+01	
3.50000000e+00	3.00000000e+00	9.57129728e-01	-9.57129728e-89	6.36251253e-88	2.17394151e+01	
3.51041667e+00	3.00000000e+00	9.57129728e-01	-9.57129728e-89	6.36251253e-88	2.17394151e+01	
3.52083333e+00	3.00000000e+00	9.57129728e-01	-9.57129728e-89	6.36251253e-88	2.17394151e+01	
3.53125000e+00	3.00000000e+00	9.57129728e-01	-9.57129728e-89	6.36251253e-88	2.17394151e+01	
3.54166667e+00	3.00000000e+00	9.57129728e-01	-9.57129728e-89	6.36251253e-88	2.17394151e+01	
3.55208333e+00	3.00000000e+00	9.57129728e-01	-9.57129728e-89	6.36251253e-88	2.17394151e+01	
3.56250000e+00	3.00000000e+00	9.57129728e-01	-9.57129728e-89	6.36251253e-88	2.17394151e+01	
3.57291667e+00	3.00000000e+00	9.57129728e-01	-9.57129728e-89	6.36251253e-88	2.17394151e+01	
3.58333333e+00	3.00000000e+00	9.57129728e-01	-9.57129728e-89	6.36251253e-88	2.17394151e+01	
3.59375000e+00	3.00000000e+00	9.57129728e-01	-9.57129728e-89	6.36251253e-88	2.17394151e+01	
3.60416667e+00	3.00000000e+00	9.57129728e-01	-9.57129728e-89	6.36251253e-88	2.17394151e+01	
3.61458333e+00	3.00000000e+00	9.57129728e-01	-9.57129728e-89	6.36251253e-88	2.17394151e+01	
3.62500000e+00	3.00000000e+00	9.57129728e-01	-9.57129728e-89	6.36251253e-88	2.17394151e+01	
3.63541667e+00	3.00000000e+00	9.57129728e-01	-9.57129728e-89	6.36251253e-88	2.17394151e+01	
3.64583333e+00	3.00000000e+00	9.57129728e-01	-9.57129728e-89	6.36251253e-88	2.17394151e+01	
3.65625000e+00	3.00000000e+00	9.57129728e-01	-9.57129728e-89	6.36251253e-88	2.17394151e+01	
3.66666667e+00	3.00000000e+00	9.57129728e-01	-9.57129728e-89	6.36251253e-88	2.17394151e+01	
3.67708333e+00	3.00000000e+00	9.57129728e-01	-9.57129728e-89	6.36251253e-88	2.17394151e+01	
3.68750000e+00	3.00000000e+00	9.57129728e-01	-9.57129728e-89	6.36251253e-88	2.17394151e+01	
3.69791667e+00	3.00000000e+00	9.57129728e-01	-9.57129728e-89	6.36251253e-88	2.17394151e+01	
3.70833333e+00	3.00000000e+00	9.57129728e-01	-9.57129728e-89	6.36251253e-88	2.17394151e+01	
3.71875000e+00	3.00000000e+00	9.57129728e-01	-9.57129728e-89	6.36251253e-88	2.17394151e+01	
3.72916667e+00	3.00000000e+00	9.57129728e-01	-9.57129728e-89	6.36251253e-88	2.17394151e+01	
3.73958333e+00	3.00000000e+00	9.57129728e-01	-9.57129728e-89	6.36251253e-88	2.17394151e+01	
3.75000000e+00	3.00000000e+00	9.57129728e-01	-9.57129728e-89	6.36251253e-88	2.17394151e+01	
3.76041667e+00	3.00000000e+00	9.57129728e-01	-9.57129728e-89	6.36251253e-88	2.17394151e+01	
3.77083333e+00	3.00000000e+00	9.57129728e-01	-9.57129728e-89	6.36251253e-88	2.17394151e+01	
3.78125000e+00	3.00000000e+00	9.57129728e-01	-9.57129728e-89	6.36251253e-88	2.17394151e+01	
3.79166667e+00	3.00000000e+00	9.57129728e-01	-9.57129728e-89	6.36251253e-88	2.17394151e+01	
3.80208333e+00	3.00000000e+00	9.57129728e-01	-9.57129728e-89	6.36251253e-88	2.17394151e+01	
3.81250000e+00	3.00000000e+00	9.57129728e-01	-9.57129728e-89	6.36251253e-88	2.17394151e+01	
3.82291667e+00	3.00000000e+00	9.57129728e-01	-9.57129728e-89	6.36251253e-88	2.17394151e+01	
3.83333333e+00	3.00000000e+00	9.57129728e-01	-9.57129728e-89	6.36251253e-88	2.17394151e+01	
3.84375000e+00	3.00000000e+00	9.57129728e-01	-9.57129728e-89	6.36251253e-88	2.17394151e+01	
3.85416667e+00	3.00000000e+00	9.57129728e-01	-9.57129728e-89	6.36251253e-88	2.17394151e+01	
3.86458333e+00	3.00000000e+00	9.57129728e-01	-9.57129728e-89	6.36251253e-88	2.17394151e+01	
3.87500000e+00	3.00000000e+00	9.57129728e-01	-9.57129728e-89	6.36251253e-88	2.17394151e+01	
3.88541667e+00	3.00000000e+00	9.57129728e-01	-9.57129728e-89	6.36251253e-88	2.17394151e+01	
3.89583333e+00	3.00000000e+00	9.57129728e-01	-9.57129728e-89	6.36251253e-88	2.17394151e+01	
3.90625000e+00	3.00000000e+00	9.57129728e-01	-9.57129728e-89	6.36251253e-88	2.17394151e+01	
3.91666667e+00	3.00000000e+00	9.57129728e-01	-9.57129728e-89	6.36251253e-88	2.17394151e+01	
3.92708333e+00	3.00000000e+00	9.57129728e-01	-9.57129728e-89	6.36251253e-88	2.17394151e+01	
3.93750000e+00	3.00000000e+00	9.57129728e-01	-9.57129728e-89	6.36251253e-88	2.17394151e+01	
3.94791667e+00	3.00000000e+00	9.57129728e-01	-9.57129728e-89	6.36251253e-88	2.17394151e+01	
3.95833333e+00	3.00000000e+00	9.57129728e-01	-9.57129728e-89	6.36251253e-88	2.17394151e+01	
3.96875000e+00	3.00000000e+00	9.57129728e-01	-9.57129728e-89	6.36251253e-88	2.17394151e+01	
3.97916667e+00	3.00000000e+00	9.57129728e-01	-9.57129728e-89	6.36251253e-88	2.17394151e+01	
3.98958333e+00	3.00000000e+00	9.57129728e-01	-9.57129728e-89	6.36251253e-88	2.17394151e+01	
4.00000000e+00	3.00000000e+00	9.57129728e-01	-9.57129728e-89	6.36251253e-88	2.17394151e+01	
4.01041667e+00	3.01041667e+00	9.56450782e-01	-9.56450782e-89	6.46327701e-88	2.18907715e+01	
4.02083333e+00	3.02083333e+00	9.55768049e-01	-9.55768049e-89	6.56460357e-88	2.20422074e+01	
4.03125000e+00	3.03125000e+00	9.55078832e-01	-9.55078832e-89	6.66689245e-88	2.21923348e+01	
4.04166667e+00	3.04166667e+00	9.54384093e-01	-9.54384093e-89	6.77000082e-88	2.23416019e+01	
4.05208333e+00	3.05208333e+00	9.53683891e-01	-9.53683891e-89	6.87392002e-88	2.24900040e+01	
4.06250000e+00	3.06250000e+00	9.52978277e-01	-9.52978277e-89	6.97864252e-88	2.26375327e+01	
4.07291667e+00	3.07291667e+00	9.52267302e-01	-9.52267302e-89	7.08416050e-88	2.27841805e+01	
4.08333333e+00	3.08333333e+00	9.51551020e-01	-9.51551020e-89	7.19046614e-88	2.29299406e+01	
4.09375000e+00	3.09375000e+00	9.50829485e-01	-9.50829485e-89	7.29755146e-88	2.30748064e+01	
4.10416667e+00	3.10416667e+00	9.50102751e-01	-9.50102751e-89	7.40540836e-88	2.32187715e+01	
4.11458333e+00	3.11458333e+00	9.49370873e-01	-9.49370873e-89	7.51402874e-88	2.33618302e+01	
4.12500000e+00	3.12500000e+00	9.48633904e-01	-9.48633904e-89	7.62340453e-88	2.35039766e+01	
4.13541667e+00	3.13541667e+00	9.47891900e-01	-9.47891900e-89	7.73352774e-88	2.36452053e+01	
4.14583333e+00	3.14583333e+00	9.47144914e-01	-9.47144914e-89	7.84439025e-88	2.37855114e+01	
4.15625000e+00	3.15625000e+00	9.46393002e-01	-9.46393002e-89	7.95598390e-88	2.39248899e+01	
4.16666667e+00	3.16666667e+00	9.45636219e-01	-9.45636219e-89	8.06830053e-88	2.40633365e+01	
4.17708333e+00	3.17708333e+00	9.44873529e-01	-9.44873529e-89	8.18149371e-88	2.42002989e+01	
4.18750000e+00	3.18750000e+00	9.44108320e-01	-9.44108320e-89	8.29506083e-88	2.43374483e+01	
4.19791667e+00	3.19791667e+00	9.43337190e-01	-9.43337190e-89	8.40950658e-88	2.44730430e+01	
4.20833333e+00	3.20833333e+00	9.42561474e-01	-9.42561474e-89	8.52463314e-88	2.46077223e+01	
4.21875000e+00	3.21875000e+00	9.41781162e-01	-9.41781162e-89	8.64044170e-88	2.47414509e+01	
4.22916667e+00	3.22916667e+00	9.40996311e-01	-9.40996311e-89	8.75692394e-88	2.48742260e+01	
4.23958333e+00	3.23958333e+00	9.40206976e-01	-9.40206976e-89	8.87407161e-88	2.50060450e+01	
4.25000000e+00	3.25000000e+00	9.39413212e-01	-9.39413212e-89	8.99187654e-88	2.51369055e+01	
4.26041667e+00	3.26041667e+00	9.38615075e-01	-9.38615075e-89	9.11033061e-88	2.52668053e+01	
4.27083333e+00	3.27083333e+00	9.37812619e-01	-9.37812619e-89	9.22942562e-88	2.53957424e+01	
4.28125000e+00	3.28125000e+00	9.37005901e-01	-9.37005901e-89	9.34915326e-88	2.55237151e+01	
4.29166667e+00	3.29166667e+00	9.36194976e-01	-9.36194976e-89	9.46950522e-88	2.56507217e+01	
4.30208333e+00	3.30208333e+00	9.35379899e-01	-9.35379899e-89	9.59047326e-88	2.57767609e+01	
4.31250000e+00	3.31250000e+00	9.34560727e-01	-9.34560727e-89	9.71204927e-88	2.59018317e+01	
4.32291667e+00	3.32291667e+00	9.33737512e-01	-9.33737512e-89	9.83422513e-88	2.60259331e+01	
4.33333333e+00	3.33333333e+00	9.32910311e-01	-9.32910311e-89	9.95699272e-88	2.61490644e+01	
4.34375000e+00	3.34375000e+00	9.32078354e-01	-9.32078354e-89	1.00804661e-87	2.62708104e+01	
4.35416667e+00	3.35416667e+00	9.31244252e-01	-9.31244252e-89	1.02042578e-87	2.63924587e+01	
4.36458333e+00	3.36458333e+00	9.30405323e-01	-9.30405323e-89	1.03287658e-87	2.65126303e+01	
4.37500000e+00	3.37500000e+00	9.29562726e-01	-9.29562726e-89	1.04538183e-87	2.66318811e+01	
4.38541667e+00	3.38541667e+00	9.28716408e-01	-9.28716408e-89	1.05794231e-87	2.67501575e+01	
4.39583333e+00	3.39583333e+00	9.27866429e-01	-9.27866429e-89	1.07055711e-87	2.68674635e+01	
4.40625000e+00	3.40625000e+00	9.27012844e-01	-9.27012844e-89	1.08322543e-87	2.69837996e+01	
4.41666667e+00	3.41666667e+00	9.26155706e-01	-9.26155706e-89	1.09594650e-87	2.70991663e+01	
4.42708333e+00	3.42708333e+00	9.25295068e-01	-9.25295068e-89	1.10871950e-87	2.72135646e+01	
4.43750000e+00	3.43750000e+00	9.24430983e-01	-9.24430983e-89	1.12154366e-87	2.73269955e+01	
4.44791667e+00	3.44791667e+00	9.23563504e-01	-9.23563504e-89	1.13441818e-87	2.74394601e+01	
4.45833333e+00	3.45833333e+00	9.22692685e-01	-9.22692685e-89	1.14734228e-87	2.75509597e+01	
4.46875000e+00	3.46875000e+00	9.21818577e-01	-9.21818577e-89	1.16031520e-87	2.76614956e+01	
4.47916667e+00	3.47916667e+00	9.20941232e-01	-9.20941232e-89	1.17333614e-87	2.77710697e+01	
4.48958333e+00	3.48958333e+00	9.20060704e-01	-9.20060704e-89	1.18640434e-87	2.78796835e+01	
4.50000000e+00	3.50000000e+00	9.19177043e-01	-9.19177043e-89	1.19951903e-87	2.79873388e+01	
4.51041667e+00	3.51041667e+00	9.18290212e-01	-9.18290212e-89	1.21268077e-87	2.80939917e+01	
4.52083333e+00	3.52083333e+00	9.17400535e-01	-9.17400535e-89	1.22588476e-87	2.81997852e+01	
4.53125000e+00	3.53125000e+00	9.16507777e-01	-9.16507777e-89	1.23913445e-87	2.83045745e+01	
4.54166667e+00	3.54166667e+00	9.15612097e-01	-9.15612097e-89	1.25242753e-87	2.84084169e+01	
4.55208333e+00	3.55208333e+00	9.14713538e-01	-9.14713538e-89	1.26576333e-87	2.85113119e+01	
4.56250000e+00	3.56250000e+00	9.13812151e-01	-9.13812151e-89	1.27914110e-87	2.86132619e+01	
4.57291667e+00	3.57291667e+00	9.12907984e-01	-9.12907984e-89	1.29256012e-87	2.87142697e+01	
4.58333333e+00	3.58333333e+00	9.12001089e-01	-9.12001089e-89	1.30601964e-87	2.88143379e+01	
4.59375000e+00	3.59375000e+00	9.11091513e-01	-9.11091513e-89	1.31951894e-87	2.89134694e+01	
4.60416667e+00	3.60416667e+00	9.10179306e-01	-9.10179306e-89	1.33305729e-87	2.90116672e+01	
4.61458333e+00	3.61458333e+00	9.09264517e-01	-9.09264517e-89	1.34663397e-87	2.91089342e+01	
4.62500000e+00	3.62500000e+00	9.08347193e-01	-9.08347193e-89	1.36024827e-87	2.92052735e+01	
4.63541667e+00	3.63541667e+00	9.07427381e-01	-9.07427381e-89	1.37389948e-87	2.93006884e+01	
4.64583333e+00	3.64583333e+00	9.06505130e-01	-9.06505130e-89	1.38758691e-87	2.93951822e+01	
4.65625000e+00	3.65625000e+00	9.05580485e-01	-9.05580485e-89	1.40130984e-87	2.94887582e+01	
4.66666667e+00	3.66666667e+00	9.04653495e-01	-9.04653495e-89	1.41506760e-87	2.95814198e+01	
4.67708333e+00	3.67708333e+00	9.03725199e-01	-9.03725199e-89	1.42884474e-87	2.96736691e+01	
4.68750000e+00	3.68750000e+00	9.02792507e-01	-9.02792507e-89	1.44268711e-87	2.97639353e+01	
4.69791667e+00	3.69791667e+00	9.01858930e-01	-9.01858930e-89	1.45654262e-87	2.98539620e+01	
4.70833333e+00	3.70833333e+00	9.00923000e-01	-9.00923000e-89	1.47043306e-87	2.99429930e+01	
4.71875000e+00	3.71875000e+00	8.99984971e-01	-8.99984971e-89	1.48435464e-87	3.00311374e+01	
4.72916667e+00	3.72916667e+00	8.99044869e-01	-8.99044869e-89	1.49830699e-87	3.01183889e+01	
4.73958333e+00	3.73958333e+00	8.98102738e-01	-8.98102738e-89	1.51228945e-87	3.02047519e+01	
4.75000000e+00	3.75000000e+00	8.97158624e-01	-8.97158624e-89	1.52630135e-87	3.02902305e+01	
4.76041667e+00	3.76041667e+00	8.96212570e-01	-8.96212570e-89	1.54034204e-87	3.03748287e+01	
4.77083333e+00	3.77083333e+00	8.95264618e-01	-8.95264618e-89	1.55441089e-87	3.04585504e+01	
4.78125000e+00	3.78125000e+00	8.94314812e-01	-8.94314812e-89	1.56850727e-87	3.05413999e+01	
4.79166667e+00	3.79166667e+00	8.93363193e-01	-8.93363193e-89	1.58263053e-87	3.06233813e+01	
4.80208333e+00	3.80208333e+00	8.92409806e-01	-8.92409806e-89	1.59678007e-87	3.07044988e+01	
4.81250000e+00	3.81250000e+00	8.91454690e-01	-8.91454690e-89	1.61095524e-87	3.07847566e+01	
4.82291667e+00	3.82291667e+00	8.90497888e-01	-8.90497888e-89	1.62515543e-87	3.08641591e+01	
4.83333333e+00	3.83333333e+00	8.89539442e-01	-8.89539442e-89	1.63938004e-87	3.09427104e+01	
4.84375000e+00	3.84375000e+00	8.88581601e-01	-8.88581601e-89	1.65359566e-87	3.10215276e+01	
4.85416667e+00	3.85416667e+00	8.87617489e-01	-8.87617489e-89	1.66790435e-87	3.10971330e+01	
4.86458333e+00	3.86458333e+00	8.86654653e-01	-8.86654653e-89	1.68219410e-87	3.11733106e+01	
4.87500000e+00	3.87500000e+00	8.85690013e-01	-8.85690013e-89	1.69651062e-87	3.12484935e+01	
4.88541667e+00	3.88541667e+00	8.84723944e-01	-8.84723944e-89	1.71084836e-87	3.13228555e+01	
4.89583333e+00	3.89583333e+00	8.83756470e-01	-8.83756470e-89	1.72520695e-87	3.13963936e+01	
4.90625000e+00	3.90625000e+00	8.82787628e-01	-8.82787628e-89	1.73958585e-87	3.14691117e+01	
4.91666667e+00	3.91666667e+00	8.81817456e-01	-8.81817456e-89	1.75398447e-87	3.15410146e+01	
4.92708333e+00	3.92708333e+00	8.80845992e-01	-8.80845992e-89	1.76840227e-87	3.16121069e+01	
4.93750000e+00	3.93750000e+00	8.79873275e-01	-8.79873275e-89	1.78283868e-87	3.16823932e+01	
4.94791667e+00	3.94791667e+00	8.78899340e-01	-8.78899340e-89	1.79729314e-87	3.17518780e+01	
4.95833333e+00	3.95833333e+00	8.77924226e-01	-8.77924226e-89	1.81176513e-87	3.18205661e+01	
4.96875000e+00	3.96875000e+00	8.76947967e-01	-8.76947967e-89	1.82625409e-87	3.18884622e+01	
4.97916667e+00	3.97916667e+00	8.75970601e-01	-8.75970601e-89	1.84075949e-87	3.19555709e+01	
4.98958333e+00	3.98958333e+00	8.74992163e-01	-8.74992163e-89	1.85528080e-87	3.20218971e+01	
5.00000000e+00	4.00000000e+00	8.74012688e-01	-8.74012688e-89	1.86981750e-87	3.20874453e+01	
5.01041667e+00	4.01041667e+00	8.73035547e-01	-8.73035547e-89	1.88431956e-87	3.21539018e+01	
5.02083333e+00	4.02083333e+00	8.72050490e-01	-8.72050490e-89	1.89893910e-87	3.22160876e+01	
5.03125000e+00	4.03125000e+00	8.71068375e-01	-8.71068375e-89	1.91351498e-87	3.22794633e+01	
5.04166667e+00	4.04166667e+00	8.70085115e-01	-8.70085115e-89	1.92810785e-87	3.23419559e+01	
5.05208333e+00	4.05208333e+00	8.69100969e-01	-8.69100969e-89	1.94271387e-87	3.24036840e+01	
5.06250000e+00	4.06250000e+00	8.68115995e-01	-8.68115995e-89	1.95733219e-87	3.24646647e+01	
5.07291667e+00	4.07291667e+00	8.67130221e-01	-8.67130221e-89	1.97196237e-87	3.25249008e+01	
5.08333333e+00	4.08333333e+00	8.66143680e-01	-8.66143680e-89	1.98660394e-87	3.25843971e+01	
5.09375000e+00	4.09375000e+00	8.65156404e-01	-8.65156404e-89	2.00125640e-87	3.26431584e+01	
5.10416667e+00	4.10416667e+00	8.64168426e-01	-8.64168426e-89	2.01591931e-87	3.27011896e+01	
5.11458333e+00	4.11458333e+00	8.63179775e-01	-8.63179775e-89	2.03059218e-87	3.27584954e+01	
5.12500000e+00	4.12500000e+00	8.62190485e-01	-8.62190485e-89	2.04527455e-87	3.28150806e+01	
5.13541667e+00	4.13541667e+00	8.61200585e-01	-8.61200585e-89	2.05996597e-87	3.28709501e+01	
5.14583333e+00	4.14583333e+00	8.60210106e-01	-8.60210106e-89	2.07466598e-87	3.29261085e+01	
5.15625000e+00	4.15625000e+00	8.59219078e-01	-8.59219078e-89	2.08937414e-87	3.29805608e+01	
5.16666667e+00	4.16666667e+00	8.58227530e-01	-8.58227530e-89	2.10409001e-87	3.30343116e+01	
5.17708333e+00	4.17708333e+00	8.57239683e-01	-8.57239683e-89	2.11875096e-87	3.30894795e+01	
5.18750000e+00	4.18750000e+00	8.56242910e-01	-8.56242910e-89	2.13354438e-87	3.31396852e+01	
5.19791667e+00	4.19791667e+00	8.55250015e-01	-8.55250015e-89	2.14828025e-87	3.31913784e+01	
5.20833333e+00	4.20833333e+00	8.54256734e-01	-8.54256734e-89	2.16302185e-87	3.32423974e+01	
5.21875000e+00	4.21875000e+00	8.53263025e-01	-8.53263025e-89	2.17776980e-87	3.32927126e+01	
5.22916667e+00	4.22916667e+00	8.52268969e-01	-8.52268969e-89	2.19252290e-87	3.33423550e+01	
5.23958333e+00	4.23958333e+00	8.51274594e-01	-8.51274594e-89	2.20728074e-87	3.33913297e+01	
5.25000000e+00	4.25000000e+00	8.50279926e-01	-8.50279926e-89	2.22204292e-87	3.34396410e+01	
5.26041667e+00	4.26041667e+00	8.49284992e-01	-8.49284992e-89	2.23680904e-87	3.34872939e+01	
5.27083333e+00	4.27083333e+00	8.48289819e-01	-8.48289819e-89	2.25157872e-87	3.35342928e+01	
5.28125000e+00	4.28125000e+00	8.47294433e-01	-8.47294433e-89	2.26635156e-87	3.35806426e+01	
5.29166667e+00	4.29166667e+00	8.46298860e-01	-8.46298860e-89	2.28112717e-87	3.36263480e+01	
5.30208333e+00	4.30208333e+00	8.45303126e-01	-8.45303126e-89	2.29590518e-87	3.36714136e+01	
5.31250000e+00	4.31250000e+00	8.44307256e-01	-8.44307256e-89	2.31068520e-87	3.37158442e+01	
5.32291667e+00	4.32291667e+00	8.43311275e-01	-8.43311275e-89	2.32546687e-87	3.37596443e+01	
5.33333333e+00	4.33333333e+00	8.42315208e-01	-8.42315208e-89	2.34024982e-87	3.38028186e+01	
5.34375000e+00	4.34375000e+00	8.41323734e-01	-8.41323734e-89	2.35496459e-87	3.38477221e+01	
5.35416667e+00	4.35416667e+00	8.40323150e-01	-8.40323150e-89	2.36981458e-87	3.38874284e+01	
5.36458333e+00	4.36458333e+00	8.39326677e-01	-8.39326677e-89	2.38460354e-87	3.39286058e+01	
5.37500000e+00	4.37500000e+00	8.38330553e-01	-8.38330553e-89	2.39938734e-87	3.39693467e+01	
5.38541667e+00	4.38541667e+00	8.37334422e-01	-8.37334422e-89	2.41417123e-87	3.40094647e+01	
5.39583333e+00	4.39583333e+00	8.36338340e-01	-8.36338340e-89	2.42895440e-87	3.40489807e+01	
5.40625000e+00	4.40625000e+00	8.35342337e-01	-8.35342337e-89	2.44373640e-87	3.40879031e+01	
5.41666667e+00	4.41666667e+00	8.34346435e-01	-8.34346435e-89	2.45851689e-87	3.41262364e+01	
5.42708333e+00	4.42708333e+00	8.33350656e-01	-8.33350656e-89	2.47329556e-87	3.41639850e+01	
5.43750000e+00	4.43750000e+00	8.32355022e-01	-8.32355022e-89	2.48807208e-87	3.42011534e+01	
5.44791667e+00	4.44791667e+00	8.31359555e-01	-8.31359555e-89	2.50284612e-87	3.42377460e+01	
5.45833333e+00	4.45833333e+00	8.30364276e-01	-8.30364276e-89	2.51761737e-87	3.42737673e+01	
5.46875000e+00	4.46875000e+00	8.29369205e-01	-8.29369205e-89	2.53238553e-87	3.43092217e+01	
5.47916667e+00	4.47916667e+00	8.28374365e-01	-8.28374365e-89	2.54715027e-87	3.43441137e+01	
5.48958333e+00	4.48958333e+00	8.27379775e-01	-8.27379775e-89	2.56191130e-87	3.43784475e+01	
5.50000000e+00	4.50000000e+00	8.26385455e-01	-8.26385455e-89	2.57666831e-87	3.44122277e+01	
5.51041667e+00	4.51041667e+00	8.25396110e-01	-8.25396110e-89	2.59135149e-87	3.44478252e+01	
5.52083333e+00	4.52083333e+00	8.24398287e-01	-8.24398287e-89	2.60616050e-87	3.44784377e+01	
5.53125000e+00	4.53125000e+00	8.23404312e-01	-8.23404312e-89	2.62091239e-87	3.45102872e+01	
5.54166667e+00	4.54166667e+00	8.22411266e-01	-8.22411266e-89	2.63565051e-87	3.45418931e+01	
5.55208333e+00	4.55208333e+00	8.21418601e-01	-8.21418601e-89	2.65038295e-87	3.45729740e+01	
5.56250000e+00	4.56250000e+00	8.20426316e-01	-8.20426316e-89	2.66510978e-87	3.46035233e+01	
5.57291667e+00	4.57291667e+00	8.19434434e-01	-8.19434434e-89	2.67983061e-87	3.46335482e+01	
5.58333333e+00	4.58333333e+00	8.18442976e-01	-8.18442976e-89	2.69454515e-87	3.46630538e+01	
5.59375000e+00	4.59375000e+00	8.17451958e-01	-8.17451958e-89	2.70925316e-87	3.46920440e+01	
5.60416667e+00	4.60416667e+00	8.16461399e-01	-8.16461399e-89	2.72395436e-87	3.47205231e+01	
5.61458333e+00	4.61458333e+00	8.15471317e-01	-8.15471317e-89	2.73864849e-87	3.47484952e+01	
5.62500000e+00	4.62500000e+00	8.14481727e-01	-8.14481727e-89	2.75333529e-87	3.47759645e+01	
5.63541667e+00	4.63541667e+00	8.13492648e-01	-8.13492648e-89	2.76801453e-87	3.48029349e+01	
5.64583333e+00	4.64583333e+00	8.12504096e-01	-8.12504096e-89	2.78268594e-87	3.48294106e+01	
5.65625000e+00	4.65625000e+00	8.11516088e-01	-8.11516088e-89	2.79734928e-87	3.48553957e+01	
5.66666667e+00	4.66666667e+00	8.10528641e-01	-8.10528641e-89	2.81200430e-87	3.48808942e+01	
5.67708333e+00	4.67708333e+00	8.09546052e-01	-8.09546052e-89	2.82658721e-87	3.49080755e+01	
5.68750000e+00	4.68750000e+00	8.08556309e-01	-8.08556309e-89	2.84127630e-87	3.49308619e+01	
5.69791667e+00	4.69791667e+00	8.07569894e-01	-8.07569894e-89	2.85591600e-87	3.49545489e+01	
5.70833333e+00	4.70833333e+00	8.06584767e-01	-8.06584767e-89	2.87053658e-87	3.49781015e+01	
5.71875000e+00	4.71875000e+00	8.05600355e-01	-8.05600355e-89	2.88514655e-87	3.50012260e+01	
5.72916667e+00	4.72916667e+00	8.04616598e-01	-8.04616598e-89	2.89974680e-87	3.50238887e+01	
5.73958333e+00	4.73958333e+00	8.03633508e-01	-8.03633508e-89	2.91433714e-87	3.50460919e+01	
5.75000000e+00	4.75000000e+00	8.02651101e-01	-8.02651101e-89	2.92891736e-87	3.50678399e+01	
5.76041667e+00	4.76041667e+00	8.01669391e-01	-8.01669391e-89	2.94348723e-87	3.50891365e+01	
5.77083333e+00	4.77083333e+00	8.00688391e-01	-8.00688391e-89	2.95804655e-87	3.51099855e+01	
5.78125000e+00	4.78125000e+00	7.99708117e-01	-7.99708117e-89	2.97259512e-87	3.51303905e+01	
5.79166667e+00	4.79166667e+00	7.98728581e-01	-7.98728581e-89	2.98713272e-87	3.51503556e+01	
5.80208333e+00	4.80208333e+00	7.97749797e-01	-7.97749797e-89	3.00165915e-87	3.51698844e+01	
5.81250000e+00	4.81250000e+00	7.96771780e-01	-7.96771780e-89	3.01617422e-87	3.51889807e+01	
5.82291667e+00	4.82291667e+00	7.95794540e-01	-7.95794540e-89	3.03067774e-87	3.52076479e+01	
5.83333333e+00	4.83333333e+00	7.94818092e-01	-7.94818092e-89	3.04516951e-87	3.52258899e+01	
5.84375000e+00	4.84375000e+00	7.93845947e-01	-7.93845947e-89	3.05959743e-87	3.52454799e+01	
5.85416667e+00	4.85416667e+00	7.92868493e-01	-7.92868493e-89	3.07410413e-87	3.52615534e+01	
5.86458333e+00	4.86458333e+00	7.91893768e-01	-7.91893768e-89	3.08857034e-87	3.52781730e+01	
5.87500000e+00	4.87500000e+00	7.90920486e-01	-7.90920486e-89	3.10301512e-87	3.52946866e+01	
5.88541667e+00	4.88541667e+00	7.89948167e-01	-7.89948167e-89	3.11744561e-87	3.53108483e+01	
5.89583333e+00	4.89583333e+00	7.88976728e-01	-7.88976728e-89	3.13186304e-87	3.53266137e+01	
5.90625000e+00	4.90625000e+00	7.88006168e-01	-7.88006168e-89	3.14626743e-87	3.53419795e+01	
5.91666667e+00	4.91666667e+00	7.87036496e-01	-7.87036496e-89	3.16065864e-87	3.53569486e+01	
5.92708333e+00	4.92708333e+00	7.86067723e-01	-7.86067723e-89	3.17503650e-87	3.53715243e+01	
5.93750000e+00	4.93750000e+00	7.85099861e-01	-7.85099861e-89	3.18940085e-87	3.53857100e+01	
5.94791667e+00	4.94791667e+00	7.84132921e-01	-7.84132921e-89	3.20375152e-87	3.53995092e+01	
5.95833333e+00	4.95833333e+00	7.83166913e-01	-7.83166913e-89	3.21808835e-87	3.54129254e+01	
5.96875000e+00	4.96875000e+00	7.82201848e-01	-7.82201848e-89	3.23241118e-87	3.54259618e+01	
5.97916667e+00	4.97916667e+00	7.81237736e-01	-7.81237736e-89	3.24671987e-87	3.54386217e+01	
5.98958333e+00	4.98958333e+00	7.80274587e-01	-7.80274587e-89	3.26101426e-87	3.54509083e+01	
6.00000000e+00	5.00000000e+00	7.79312412e-01	-7.79312412e-89	3.27529420e-87	3.54628252e+01	
6.01041667e+00	5.00000000e+00	7.79312412e-01	-7.79312412e-89	3.27529420e-87	3.54628252e+01	
6.02083333e+00	5.00000000e+00	7.79312412e-01	-7.79312412e-89	3.27529420e-87	3.54628252e+01	
6.03125000e+00	5.00000000e+00	7.79312412e-01	-7.79312412e-89	3.27529420e-87	3.54628252e+01	
6.04166667e+00	5.00000000e+00	7.79312412e-01	-7.79312412e-89	3.27529420e-87	3.54628252e+01	
6.05208333e+00	5.00000000e+00	7.79312412e-01	-7.79312412e-89	3.27529420e-87	3.54628252e+01	
6.06250000e+00	5.00000000e+00	7.79312412e-01	-7.79312412e-89	3.27529420e-87	3.54628252e+01	
6.07291667e+00	5.00000000e+00	7.79312412e-01	-7.79312412e-89	3.27529420e-87	3.54628252e+01	
6.08333333e+00	5.00000000e+00	7.79312412e-01	-7.79312412e-89	3.27529420e-87	3.54628252e+01	
6.09375000e+00	5.00000000e+00	7.79312412e-01	-7.79312412e-89	3.27529420e-87	3.54628252e+01	
6.10416667e+00	5.00000000e+00	7.79312412e-01	-7.79312412e-89	3.27529420e-87	3.54628252e+01	
6.11458333e+00	5.00000000e+00	7.79312412e-01	-7.79312412e-89	3.27529420e-87	3.54628252e+01	
6.12500000e+00	5.00000000e+00	7.79312412e-01	-7.79312412e-89	3.27529420e-87	3.54628252e+01	
6.13541667e+00	5.00000000e+00	7.79312412e-01	-7.79312412e-89	3.27529420e-87	3.54628252e+01	
6.14583333e+00	5.00000000e+00	7.79312412e-01	-7.79312412e-89	3.27529420e-87	3.54628252e+01	
6.15625000e+00	5.00000000e+00	7.79312412e-01	-7.79312412e-89	3.27529420e-87	3.54628252e+01	
6.16666667e+00	5.00000000e+00	7.79312412e-01	-7.79312412e-89	3.27529420e-87	3.54628252e+01	
6.17708333e+00	5.00000000e+00	7.79312412e-01	-7.79312412e-89	3.27529420e-87	3.54628252e+01	
6.18750000e+00	5.00000000e+00	7.79312412e-01	-7.79312412e-89	3.27529420e-87	3.54628252e+01	
6.19791667e+00	5.00000000e+00	7.79312412e-01	-7.79312412e-89	3.27529420e-87	3.54628252e+01	
6.20833333e+00	5.00000000e+00	7.79312412e-01	-7.79312412e-89	3.27529420e-87	3.54628252e+01	
6.21875000e+00	5.00000000e+00	7.79312412e-01	-7.79312412e-89	3.27529420e-87	3.54628252e+01	
6.22916667e+00	5.00000000e+00	7.79312412e-01	-7.79312412e-89	3.27529420e-87	3.54628252e+01	
6.23958333e+00	5.00000000e+00	7.79312412e-01	-7.79312412e-89	3.27529420e-87	3.54628252e+01	
6.25000000e+00	5.00000000e+00	7.79312412e-01	-7.79312412e-89	3.27529420e-87	3.54628252e+01	
6.26041667e+00	5.00000000e+00	7.79312412e-01	-7.79312412e-89	3.27529420e-87	3.54628252e+01	
6.27083333e+00	5.00000000e+00	7.79312412e-01	-7.79312412e-89	3.27529420e-87	3.54628252e+01	
6.28125000e+00	5.00000000e+00	7.79312412e-01	-7.79312412e-89	3.27529420e-87	3.54628252e+01	
6.29166667e+00	5.00000000e+00	7.79312412e-01	-7.79312412e-89	3.27529420e-87	3.54628252e+01	
6.30208333e+00	5.00000000e+00	7.79312412e-01	-7.79312412e-89	3.27529420e-87	3.54628252e+01	
6.31250000e+00	5.00000000e+00	7.79312412e-01	-7.79312412e-89	3.27529420e-87	3.54628252e+01	
6.32291667e+00	5.00000000e+00	7.79312412e-01	-7.79312412e-89	3.27529420e-87	3.54628252e+01	
6.33333333e+00	5.00000000e+00	7.79312412e-01	-7.79312412e-89	3.27529420e-87	3.54628252e+01	
6.34375000e+00	5.00000000e+00	7.79312412e-01	-7.79312412e-89	3.27529420e-87	3.54628252e+01	
6.35416667e+00	5.00000000e+00	7.79312412e-01	-7.79312412e-89	3.27529420e-87	3.54628252e+01	
6.36458333e+00	5.00000000e+00	7.79312412e-01	-7.79312412e-89	3.27529420e-87	3.54628252e+01	
6.37500000e+00	5.00000000e+00	7.79312412e-01	-7.79312412e-89	3.27529420e-87	3.54628252e+01	
6.38541667e+00	5.00000000e+00	7.79312412e-01	-7.79312412e-89	3.27529420e-87	3.54628252e+01	
6.39583333e+00	5.00000000e+00	7.79312412e-01	-7.79312412e-89	3.27529420e-87	3.54628252e+01	
6.40625000e+00	5.00000000e+00	7.79312412e-01	-7.79312412e-89	3.27529420e-87	3.54628252e+01	
6.41666667e+00	5.00000000e+00	7.79312412e-01	-7.79312412e-89	3.27529420e-87	3.54628252e+01	
6.42708333e+00	5.00000000e+00	7.79312412e-01	-7.79312412e-89	3.27529420e-87	3.54628252e+01	
6.43750000e+00	5.00000000e+00	7.79312412e-01	-7.79312412e-89	3.27529420e-87	3.54628252e+01	
6.44791667e+00	5.00000000e+00	7.79312412e-01	-7.79312412e-89	3.27529420e-87	3.54628252e+01	
6.45833333e+00	5.00000000e+00	7.79312412e-01	-7.79312412e-89	3.27529420e-87	3.54628252e+01	
6.46875000e+00	5.00000000e+00	7.79312412e-01	-7.79312412e-89	3.27529420e-87	3.54628252e+01	
6.47916667e+00	5.00000000e+00	7.79312412e-01	-7.79312412e-89	3.27529420e-87	3.54628252e+01	
6.48958333e+00	5.00000000e+00	7.79312412e-01	-7.79312412e-89	3.27529420e-87	3.54628252e+01	
6.50000000e+00	5.00000000e+00	7.79312412e-01	-7.79312412e-89	3.27529420e-87	3.54628252e+01	
6.51041667e+00	5.00000000e+00	7.79312412e-01	-7.79312412e-89	3.27529420e-87	3.54628252e+01	
6.52083333e+00	5.00000000e+00	7.79312412e-01	-7.79312412e-89	3.27529420e-87	3.54628252e+01	
6.53125000e+00	5.00000000e+00	7.79312412e-01	-7.79312412e-89	3.27529420e-87	3.54628252e+01	
6.54166667e+00	5.00000000e+00	7.79312412e-01	-7.79312412e-89	3.27529420e-87	3.54628252e+01	
6.55208333e+00	5.00000000e+00	7.79312412e-01	-7.79312412e-89	3.27529420e-87	3.54628252e+01	
6.56250000e+00	5.00000000e+00	7.79312412e-01	-7.79312412e-89	3.27529420e-87	3.54628252e+01	
6.57291667e+00	5.00000000e+00	7.79312412e-01	-7.79312412e-89	3.27529420e-87	3.54628252e+01	
6.58333333e+00	5.00000000e+00	7.79312412e-01	-7.79312412e-89	3.27529420e-87	3.54628252e+01	
6.59375000e+00	5.00000000e+00	7.79312412e-01	-7.79312412e-89	3.27529420e-87	3.54628252e+01	
6.60416667e+00	5.00000000e+00	7.79312412e-01	-7.79312412e-89	3.27529420e-87	3.54628252e+01	
6.61458333e+00	5.00000000e+00	7.79312412e-01	-7.79312412e-89	3.27529420e-87	3.54628252e+01	
6.62500000e+00	5.00000000e+00	7.79312412e-01	-7.79312412e-89	3.27529420e-87	3.54628252e+01	
6.63541667e+00	5.00000000e+00	7.79312412e-01	-7.79312412e-89	3.27529420e-87	3.54628252e+01	
6.64583333e+00	5.00000000e+00	7.79312412e-01	-7.79312412e-89	3.27529420e-87	3.54628252e+01	
6.65625000e+00	5.00000000e+00	7.79312412e-01	-7.79312412e-89	3.27529420e-87	3.54628252e+01	
6.66666667e+00	5.00000000e+00	7.79312412e-01	-7.79312412e-89	3.27529420e-87	3.54628252e+01	
6.67708333e+00	5.00000000e+00	7.79312412e-01	-7.79312412e-89	3.27529420e-87	3.54628252e+01	
6.68750000e+00	5.00000000e+00	7.79312412e-01	-7.79312412e-89	3.27529420e-87	3.54628252e+01	
6.69791667e+00	5.00000000e+00	7.79312412e-01	-7.79312412e-89	3.27529420e-87	3.54628252e+01	
6.70833333e+00	5.00000000e+00	7.79312412e-01	-7.79312412e-89	3.27529420e-87	3.54628252e+01	
6.71875000e+00	5.00000000e+00	7.79312412e-01	-7.79312412e-89	3.27529420e-87	3.54628252e+01	
6.72916667e+00	5.00000000e+00	7.79312412e-01	-7.79312412e-89	3.27529420e-87	3.54628252e+01	
6.73958333e+00	5.00000000e+00	7.79312412e-01	-7.79312412e-89	3.27529420e-87	3.54628252e+01	
6.75000000e+00	5.00000000e+00	7.79312412e-01	-7.79312412e-89	3.27529420e-87	3.54628252e+01	
6.76041667e+00	5.00000000e+00	7.79312412e-01	-7.79312412e-89	3.27529420e-87	3.54628252e+01	
6.77083333e+00	5.00000000e+00	7.79312412e-01	-7.79312412e-89	3.27529420e-87	3.54628252e+01	
6.78125000e+00	5.00000000e+00	7.79312412e-01	-7.79312412e-89	3.27529420e-87	3.54628252e+01	
6.79166667e+00	5.00000000e+00	7.79312412e-01	-7.79312412e-89	3.27529420e-87	3.54628252e+01	
6.80208333e+00	5.00000000e+00	7.79312412e-01	-7.79312412e-89	3.27529420e-87	3.54628252e+01	
6.81250000e+00	5.00000000e+00	7.79312412e-01	-7.79312412e-89	3.27529420e-87	3.54628252e+01	
6.82291667e+00	5.00000000e+00	7.79312412e-01	-7.79312412e-89	3.27529420e-87	3.54628252e+01	
6.83333333e+00	5.00000000e+00	7.79312412e-01	-7.79312412e-89	3.27529420e-87	3.54628252e+01	
6.84375000e+00	5.00000000e+00	7.79312412e-01	-7.79312412e-89	3.27529420e-87	3.54628252e+01	
6.85416667e+00	5.00000000e+00	7.79312412e-01	-7.79312412e-89	3.27529420e-87	3.54628252e+01	
6.86458333e+00	5.00000000e+00	7.79312412e-01	-7.79312412e-89	3.27529420e-87	3.54628252e+01	
6.87500000e+00	5.00000000e+00	7.79312412e-01	-7.79312412e-89	3.27529420e-87	3.54628252e+01	
6.88541667e+00	5.00000000e+00	7.79312412e-01	-7.79312412e-89	3.27529420e-87	3.54628252e+01	
6.89583333e+00	5.00000000e+00	7.79312412e-01	-7.79312412e-89	3.27529420e-87	3.54628252e+01	
6.90625000e+00	5.00000000e+00	7.79312412e-01	-7.79312412e-89	3.27529420e-87	3.54628252e+01	
6.91666667e+00	5.00000000e+00	7.79312412e-01	-7.79312412e-89	3.27529420e-87	3.54628252e+01	
6.92708333e+00	5.00000000e+00	7.79312412e-01	-7.79312412e-89	3.27529420e-87	3.54628252e+01	
6.93750000e+00	5.00000000e+00	7.79312412e-01	-7.79312412e-89	3.27529420e-87	3.54628252e+01	
6.94791667e+00	5.00000000e+00	7.79312412e-01	-7.79312412e-89	3.27529420e-87	3.54628252e+01	
6.95833333e+00	5.00000000e+00	7.79312412e-01	-7.79312412e-89	3.27529420e-87	3.54628252e+01	
6.96875000e+00	5.00000000e+00	7.79312412e-01	-7.79312412e-89	3.27529420e-87	3.54628252e+01	
6.97916667e+00	5.00000000e+00	7.79312412e-01	-7.79312412e-89	3.27529420e-87	3.54628252e+01	
6.98958333e+00	5.00000000e+00	7.79312412e-01	-7.79312412e-89	3.27529420e-87	3.54628252e+01	
7.00000000e+00	5.00000000e+00	7.79312412e-01	-7.79312412e-89	3.27529420e-87	3.54628252e+01	
7.01041667e+00	5.00000000e+00	7.79312412e-01	-7.79312412e-89	3.27529420e-87	3.54628252e+01	
7.02083333e+00	5.00000000e+00	7.79312412e-01	-7.79312412e-89	3.27529420e-87	3.54628252e+01	
7.03125000e+00	5.00000000e+00	7.79312412e-01	-7.79312412e-89	3.27529420e-87	3.54628252e+01	
7.04166667e+00	5.00000000e+00	7.79312412e-01	-7.79312412e-89	3.27529420e-87	3.54628252e+01	
7.05208333e+00	5.00000000e+00	7.79312412e-01	-7.79312412e-89	3.27529420e-87	3.54628252e+01	
7.06250000e+00	5.00000000e+00	7.79312412e-01	-7.79312412e-89	3.27529420e-87	3.54628252e+01	
7.07291667e+00	5.00000000e+00	7.79312412e-01	-7.79312412e-89	3.27529420e-87	3.54628252e+01	
7.08333333e+00	5.00000000e+00	7.79312412e-01	-7.79312412e-89	3.27529420e-87	3.54628252e+01	
7.09375000e+00	5.00000000e+00	7.79312412e-01	-7.79312412e-89	3.27529420e-87	3.54628252e+01	
7.10416667e+00	5.00000000e+00	7.79312412e-01	-7.79312412e-89	3.27529420e-87	3.54628252e+01	
7.11458333e+00	5.00000000e+00	7.79312412e-01	-7.79312412e-89	3.27529420e-87	3.54628252e+01	
7.12500000e+00	5.00000000e+00	7.79312412e-01	-7.79312412e-89	3.27529420e-87	3.54628252e+01	
7.13541667e+00	5.00000000e+00	7.79312412e-01	-7.79312412e-89	3.27529420e-87	3.54628252e+01	
7.14583333e+00	5.00000000e+00	7.79312412e-01	-7.79312412e-89	3.27529420e-87	3.54628252e+01	
7.15625000e+00	5.00000000e+00	7.79312412e-01	-7.79312412e-89	3.27529420e-87	3.54628252e+01	
7.16666667e+00	5.00000000e+00	7.79312412e-01	-7.79312412e-89	3.27529420e-87	3.54628252e+01	
7.17708333e+00	5.00000000e+00	7.79312412e-01	-7.79312412e-89	3.27529420e-87	3.54628252e+01	
7.18750000e+00	5.00000000e+00	7.79312412e-01	-7.79312412e-89	3.27529420e-87	3.54628252e+01	
7.19791667e+00	5.00000000e+00	7.79312412e-01	-7.79312412e-89	3.27529420e-87	3.54628252e+01	
7.20833333e+00	5.00000000e+00	7.79312412e-01	-7.79312412e-89	3.27529420e-87	3.54628252e+01	
7.21875000e+00	5.00000000e+00	7.79312412e-01	-7.79312412e-89	3.27529420e-87	3.54628252e+01	
7.22916667e+00	5.00000000e+00	7.79312412e-01	-7.79312412e-89	3.27529420e-87	3.54628252e+01	
7.23958333e+00	5.00000000e+00	7.79312412e-01	-7.79312412e-89	3.27529420e-87	3.54628252e+01	
7.25000000e+00	5.00000000e+00	7.79312412e-01	-7.79312412e-89	3.27529420e-87	3.54628252e+01	
7.26041667e+00	5.00000000e+00	7.79312412e-01	-7.79312412e-89	3.27529420e-87	3.54628252e+01	
7.27083333e+00	5.00000000e+00	7.79312412e-01	-7.79312412e-89	3.27529420e-87	3.54628252e+01	
7.28125000e+00	5.00000000e+00	7.79312412e-01	-7.79312412e-89	3.27529420e-87	3.54628252e+01	
7.29166667e+00	5.00000000e+00	7.79312412e-01	-7.79312412e-89	3.27529420e-87	3.54628252e+01	
7.30208333e+00	5.00000000e+00	7.79312412e-01	-7.79312412e-89	3.27529420e-87	3.54628252e+01	
7.31250000e+00	5.00000000e+00	7.79312412e-01	-7.79312412e-89	3.27529420e-87	3.54628252e+01	
7.32291667e+00	5.00000000e+00	7.79312412e-01	-7.79312412e-89	3.27529420e-87	3.54628252e+01	
7.33333333e+00	5.00000000e+00	7.79312412e-01	-7.79312412e-89	3.27529420e-87	3.54628252e+01	
7.34375000e+00	5.00000000e+00	7.79312412e-01	-7.79312412e-89	3.27529420e-87	3.54628252e+01	
7.35416667e+00	5.00000000e+00	7.79312412e-01	-7.79312412e-89	3.27529420e-87	3.54628252e+01	
7.36458333e+00	5.00000000e+00	7.79312412e-01	-7.79312412e-89	3.27529420e-87	3.54628252e+01	
7.37500000e+00	5.00000000e+00	7.79312412e-01	-7.79312412e-89	3.27529420e-87	3.54628252e+01	
7.38541667e+00	5.00000000e+00	7.79312412e-01	-7.79312412e-89	3.27529420e-87	3.54628252e+01	
7.39583333e+00	5.00000000e+00	7.79312412e-01	-7.79312412e-89	3.27529420e-87	3.54628252e+01	
7.40625000e+00	5.00000000e+00	7.79312412e-01	-7.79312412e-89	3.27529420e-87	3.54628252e+01	
7.41666667e+00	5.00000000e+00	7.79312412e-01	-7.79312412e-89	3.27529420e-87	3.54628252e+01	
7.42708333e+00	5.00000000e+00	7.79312412e-01	-7.79312412e-89	3.27529420e-87	3.54628252e+01	
7.43750000e+00	5.00000000e+00	7.79312412e-01	-7.79312412e-89	3.27529420e-87	3.54628252e+01	
7.44791667e+00	5.00000000e+00	7.79312412e-01	-7.79312412e-89	3.27529420e-87	3.54628252e+01	
7.45833333e+00	5.00000000e+00	7.79312412e-01	-7.79312412e-89	3.27529420e-87	3.54628252e+01	
7.46875000e+00	5.00000000e+00	7.79312412e-01	-7.79312412e-89	3.27529420e-87	3.54628252e+01	
7.47916667e+00	5.00000000e+00	7.79312412e-01	-7.79312412e-89	3.27529420e-87	3.54628252e+01	
7.48958333e+00	5.00000000e+00	7.79312412e-01	-7.79312412e-89	3.27529420e-87	3.54628252e+01	
7.50000000e+00	5.00000000e+00	7.79312412e-01	-7.79312412e-89	3.27529420e-87	3.54628252e+01	
7.51041667e+00	5.00000000e+00	7.79312412e-01	-7.79312412e-89	3.27529420e-87	3.54628252e+01	
7.52083333e+00	5.00000000e+00	7.79312412e-01	-7.79312412e-89	3.27529420e-87	3.54628252e+01	
7.53125000e+00	5.00000000e+00	7.79312412e-01	-7.79312412e-89	3.27529420e-87	3.54628252e+01	
7.54166667e+00	5.00000000e+00	7.79312412e-01	-7.79312412e-89	3.27529420e-87	3.54628252e+01	
7.55208333e+00	5.00000000e+00	7.79312412e-01	-7.79312412e-89	3.27529420e-87	3.54628252e+01	
7.56250000e+00	5.00000000e+00	7.79312412e-01	-7.79312412e-89	3.27529420e-87	3.54628252e+01	
7.57291667e+00	5.00000000e+00	7.79312412e-01	-7.79312412e-89	3.27529420e-87	3.54628252e+01	
7.58333333e+00	5.00000000e+00	7.79312412e-01	-7.79312412e-89	3.27529420e-87	3.54628252e+01	
7.59375000e+00	5.00000000e+00	7.79312412e-01	-7.79312412e-89	3.27529420e-87	3.54628252e+01	
7.60416667e+00	5.00000000e+00	7.79312412e-01	-7.79312412e-89	3.27529420e-87	3.54628252e+01	
7.61458333e+00	5.00000000e+00	7.79312412e-01	-7.79312412e-89	3.27529420e-87	3.54628252e+01	
7.62500000e+00	5.00000000e+00	7.79312412e-01	-7.79312412e-89	3.27529420e-87	3.54628252e+01	
7.63541667e+00	5.00000000e+00	7.79312412e-01	-7.79312412e-89	3.27529420e-87	3.54628252e+01	
7.64583333e+00	5.00000000e+00	7.79312412e-01	-7.79312412e-89	3.27529420e-87	3.54628252e+01	
7.65625000e+00	5.00000000e+00	7.79312412e-01	-7.79312412e-89	3.27529420e-87	3.54628252e+01	
7.66666667e+00	5.00000000e+00	7.79312412e-01	-7.79312412e-89	3.27529420e-87	3.54628252e+01	
7.67708333e+00	5.00000000e+00	7.79312412e-01	-7.79312412e-89	3.27529420e-87	3.54628252e+01	
7.68750000e+00	5.00000000e+00	7.79312412e-01	-7.79312412e-89	3.27529420e-87	3.54628252e+01	
7.69791667e+00	5.00000000e+00	7.79312412e-01	-7.79312412e-89	3.27529420e-87	3.54628252e+01	
7.70833333e+00	5.00000000e+00	7.79312412e-01	-7.79312412e-89	3.27529420e-87	3.54628252e+01	
7.71875000e+00	5.00000000e+00	7.79312412e-01	-7.79312412e-89	3.27529420e-87	3.54628252e+01	
7.72916667e+00	5.00000000e+00	7.79312412e-01	-7.79312412e-89	3.27529420e-87	3.54628252e+01	
7.73958333e+00	5.00000000e+00	7.79312412e-01	-7.79312412e-89	3.27529420e-87	3.54628252e+01	
7.75000000e+00	5.00000000e+00	7.79312412e-01	-7.79312412e-89	3.27529420e-87	3.54628252e+01	
7.76041667e+00	5.00000000e+00	7.79312412e-01	-7.79312412e-89	3.27529420e-87	3.54628252e+01	
7.77083333e+00	5.00000000e+00	7.79312412e-01	-7.79312412e-89	3.27529420e-87	3.54628252e+01	
7.78125000e+00	5.00000000e+00	7.79312412e-01	-7.79312412e-89	3.27529420e-87	3.54628252e+01	
7.79166667e+00	5.00000000e+00	7.79312412e-01	-7.79312412e-89	3.27529420e-87	3.54628252e+01	
7.80208333e+00	5.00000000e+00	7.79312412e-01	-7.79312412e-89	3.27529420e-87	3.54628252e+01	
7.81250000e+00	5.00000000e+00	7.79312412e-01	-7.79312412e-89	3.27529420e-87	3.54628252e+01	
7.82291667e+00	5.00000000e+00	7.79312412e-01	-7.79312412e-89	3.27529420e-87	3.54628252e+01	
7.83333333e+00	5.00000000e+00	7.79312412e-01	-7.79312412e-89	3.27529420e-87	3.54628252e+01	
7.84375000e+00	5.00000000e+00	7.79312412e-01	-7.79312412e-89	3.27529420e-87	3.54628252e+01	
7.85416667e+00	5.00000000e+00	7.79312412e-01	-7.79312412e-89	3.27529420e-87	3.54628252e+01	
7.86458333e+00	5.00000000e+00	7.79312412e-01	-7.79312412e-89	3.27529420e-87	3.54628252e+01	
7.87500000e+00	5.00000000e+00	7.79312412e-01	-7.79312412e-89	3.27529420e-87	3.54628252e+01	
7.88541667e+00	5.00000000e+00	7.79312412e-01	-7.79312412e-89	3.27529420e-87	3.54628252e+01	
7.89583333e+00	5.00000000e+00	7.79312412e-01	-7.79312412e-89	3.27529420e-87	3.54628252e+01	
7.90625000e+00	5.00000000e+00	7.79312412e-01	-7.79312412e-89	3.27529420e-87	3.54628252e+01	
7.91666667e+00	5.00000000e+00	7.79312412e-01	-7.79312412e-89	3.27529420e-87	3.54628252e+01	
7.92708333e+00	5.00000000e+00	7.79312412e-01	-7.79312412e-89	3.27529420e-87	3.54628252e+01	
7.93750000e+00	5.00000000e+00	7.79312412e-01	-7.79312412e-89	3.27529420e-87	3.54628252e+01	
7.94791667e+00	5.00000000e+00	7.79312412e-01	-7.79312412e-89	3.27529420e-87	3.54628252e+01	
7.95833333e+00	5.00000000e+00	7.79312412e-01	-7.79312412e-89	3.27529420e-87	3.54628252e+01	
7.96875000e+00	5.00000000e+00	7.79312412e-01	-7.79312412e-89	3.27529420e-87	3.54628252e+01	
7.97916667e+00	5.00000000e+00	7.79312412e-01	-7.79312412e-89	3.27529420e-87	3.54628252e+01	
7.98958333e+00	5.00000000e+00	7.79312412e-01	-7.79312412e-89	3.27529420e-87	3.54628252e+01	
8.00000000e+00	5.00000000e+00	7.79312412e-01	-7.79312412e-89	3.27529420e-87	3.54628252e+01	
