0.00000000e+00	6.34421476e-06	9.52755177e+00	0.00000000e+00	1.00000000e-02	
1.14705229e-03	3.41711469e-03	9.52738373e+00	1.57525170e-04	9.99999420e-03	
2.29410459e-03	6.83425206e-03	9.52687962e+00	6.30067341e-04	9.99997679e-03	
3.44115688e-03	1.02523683e-02	9.52603922e+00	1.41752646e-03	9.99994778e-03	
4.58820918e-03	1.36700218e-02	9.52486290e+00	2.51973585e-03	9.99990716e-03	
5.73526147e-03	1.70855247e-02	9.52335176e+00	3.93646265e-03	9.99985498e-03	
6.88231377e-03	2.05016749e-02	9.52150498e+00	5.66740697e-03	9.99979120e-03	
8.02936606e-03	2.39208025e-02	9.51932099e+00	7.71220120e-03	9.99971576e-03	
9.17641836e-03	2.73384442e-02	9.51680267e+00	1.00704143e-02	9.99962875e-03	
1.03234707e-02	3.07555679e-02	9.51394990e+00	1.27415475e-02	9.99953017e-03	
1.14705229e-02	3.41741016e-02	9.51076129e+00	1.57250336e-02	9.99941996e-03	
1.26175752e-02	3.75938422e-02	9.50723703e+00	1.90202400e-02	9.99929811e-03	
1.37646275e-02	4.10129518e-02	9.50337934e+00	2.26264728e-02	9.99916469e-03	
1.49116798e-02	4.44313029e-02	9.49918904e+00	2.65429712e-02	9.99901973e-03	
1.60587321e-02	4.78473323e-02	9.49466899e+00	3.07689163e-02	9.99886329e-03	
1.72057844e-02	5.12662848e-02	9.48981270e+00	3.53033940e-02	9.99869516e-03	
1.83528367e-02	5.46866751e-02	9.48462223e+00	4.01454475e-02	9.99851539e-03	
1.94998890e-02	5.81053423e-02	9.47910304e+00	4.52940742e-02	9.99832415e-03	
2.06469413e-02	6.15245391e-02	9.47325232e+00	5.07481734e-02	9.99812132e-03	
2.17939936e-02	6.49461458e-02	9.46706712e+00	5.65065716e-02	9.99790680e-03	
2.29410459e-02	6.83661575e-02	9.46055531e+00	6.25680933e-02	9.99768083e-03	
2.40880982e-02	7.17871348e-02	9.45371287e+00	6.89314314e-02	9.99744325e-03	
2.52351505e-02	7.52069234e-02	9.44654496e+00	7.55952761e-02	9.99719424e-03	
2.63822028e-02	7.86272768e-02	9.43904886e+00	8.25581982e-02	9.99693366e-03	
2.75292551e-02	8.20524636e-02	9.43121532e+00	8.98186335e-02	9.99666119e-03	
2.86763074e-02	8.54734392e-02	9.42306586e+00	9.73752407e-02	9.99637754e-03	
2.98233597e-02	8.88937799e-02	9.41459364e+00	1.05226367e-01	9.99608246e-03	
3.09704120e-02	9.23168245e-02	9.40579109e+00	1.13370264e-01	9.99577565e-03	
3.21174642e-02	9.57405947e-02	9.39666387e+00	1.21805263e-01	9.99545729e-03	
3.32645165e-02	9.91649708e-02	9.38721318e+00	1.30529591e-01	9.99512740e-03	
3.44115688e-02	1.02589877e-01	9.37744019e+00	1.39541412e-01	9.99478598e-03	
3.55586211e-02	1.06012959e-01	9.36735295e+00	1.48838941e-01	9.99443330e-03	
3.67056734e-02	1.09437096e-01	9.35694430e+00	1.58420106e-01	9.99406907e-03	
3.78527257e-02	1.12865059e-01	9.34620635e+00	1.68282729e-01	9.99369299e-03	
3.89997780e-02	1.16289566e-01	9.33516313e+00	1.78425140e-01	9.99330587e-03	
4.01468303e-02	1.19717895e-01	9.32379244e+00	1.88844780e-01	9.99290690e-03	
4.12938826e-02	1.23145142e-01	9.31211148e+00	1.99539770e-01	9.99249665e-03	
4.24409349e-02	1.26573073e-01	9.30011570e+00	2.10507755e-01	9.99207493e-03	
4.35879872e-02	1.29999096e-01	9.28781570e+00	2.21746657e-01	9.99164208e-03	
4.47350395e-02	1.33430636e-01	9.27518584e+00	2.33253481e-01	9.99119715e-03	
4.58820918e-02	1.36856866e-01	9.26226736e+00	2.45026804e-01	9.99074158e-03	
4.70291441e-02	1.40289541e-01	9.24901736e+00	2.57063022e-01	9.99027379e-03	
4.81761964e-02	1.43720992e-01	9.23546628e+00	2.69360375e-01	9.98979485e-03	
4.93232487e-02	1.47151034e-01	9.22161677e+00	2.81916361e-01	9.98930479e-03	
5.04703010e-02	1.50582927e-01	9.20745725e+00	2.94727978e-01	9.98880317e-03	
5.16173533e-02	1.54015184e-01	9.19299520e+00	3.07792732e-01	9.98829022e-03	
5.27644056e-02	1.57449490e-01	9.17822491e+00	3.21107655e-01	9.98776569e-03	
5.39114578e-02	1.60883054e-01	9.16315993e+00	3.34670385e-01	9.98723002e-03	
5.50585101e-02	1.64319348e-01	9.14778653e+00	3.48477543e-01	9.98668268e-03	
5.62055624e-02	1.67754805e-01	9.13212220e+00	3.62526848e-01	9.98612425e-03	
5.73526147e-02	1.71193227e-01	9.11615117e+00	3.76814692e-01	9.98555412e-03	
5.84996670e-02	1.74630077e-01	9.09989617e+00	3.91338963e-01	9.98497306e-03	
5.96467193e-02	1.78069003e-01	9.08334178e+00	4.06095936e-01	9.98438047e-03	
6.07937716e-02	1.81507622e-01	9.06650117e+00	4.21083051e-01	9.98377677e-03	
6.19408239e-02	1.84946307e-01	9.04937446e+00	4.36297153e-01	9.98316193e-03	
6.30878762e-02	1.88387772e-01	9.03194981e+00	4.51734432e-01	9.98253546e-03	
6.42349285e-02	1.91830995e-01	9.01423382e+00	4.67391891e-01	9.98189756e-03	
6.53819808e-02	1.95272227e-01	8.99624781e+00	4.83267313e-01	9.98124895e-03	
6.65290331e-02	1.98718404e-01	8.97795732e+00	4.99355484e-01	9.98058832e-03	
6.76760854e-02	2.02161918e-01	8.95940445e+00	5.15655276e-01	9.97991715e-03	
6.88231377e-02	2.05606785e-01	8.94056993e+00	5.32162179e-01	9.97923468e-03	
6.99701900e-02	2.09052280e-01	8.92145962e+00	5.48873021e-01	9.97854109e-03	
7.11172423e-02	2.12500138e-01	8.90206571e+00	5.65783757e-01	9.97783602e-03	
7.22642946e-02	2.15948257e-01	8.88240195e+00	5.82891633e-01	9.97711993e-03	
7.34113469e-02	2.19398624e-01	8.86245894e+00	6.00192389e-01	9.97639242e-03	
7.45583991e-02	2.22848877e-01	8.84225238e+00	6.17683386e-01	9.97565399e-03	
7.57054514e-02	2.26301311e-01	8.82177086e+00	6.35360109e-01	9.97490418e-03	
7.68525037e-02	2.29752526e-01	8.80103678e+00	6.53220403e-01	9.97414375e-03	
7.79995560e-02	2.33205254e-01	8.78003601e+00	6.71259465e-01	9.97337213e-03	
7.91466083e-02	2.36661308e-01	8.75875941e+00	6.89472706e-01	9.97258891e-03	
8.02936606e-02	2.40117757e-01	8.73722697e+00	7.07857760e-01	9.97179477e-03	
8.14407129e-02	2.43576901e-01	8.71542647e+00	7.26409710e-01	9.97098920e-03	
8.25877652e-02	2.47032248e-01	8.69340135e+00	7.45128240e-01	9.97017374e-03	
8.37348175e-02	2.50492889e-01	8.67109603e+00	7.64004675e-01	9.96934628e-03	
8.48818698e-02	2.53952447e-01	8.64855362e+00	7.83038691e-01	9.96850834e-03	
8.60289221e-02	2.57415079e-01	8.62574936e+00	8.02224020e-01	9.96765895e-03	
8.71759744e-02	2.60878179e-01	8.60270259e+00	8.21558311e-01	9.96679876e-03	
8.83230267e-02	2.64340271e-01	8.57942571e+00	8.41038677e-01	9.96592817e-03	
8.94700790e-02	2.67806333e-01	8.55588759e+00	8.60657931e-01	9.96504594e-03	
9.06171313e-02	2.71272476e-01	8.53211679e+00	8.80414677e-01	9.96415308e-03	
9.17641836e-02	2.74742063e-01	8.50809256e+00	9.00302549e-01	9.96324875e-03	
9.29112359e-02	2.78210296e-01	8.48385055e+00	9.20321033e-01	9.96233421e-03	
9.40582882e-02	2.81680154e-01	8.45937255e+00	9.40463958e-01	9.96140871e-03	
9.52053405e-02	2.85153159e-01	8.43465009e+00	9.60726026e-01	9.96047187e-03	
9.63523927e-02	2.88628855e-01	8.40968858e+00	9.81103412e-01	9.95952381e-03	
9.74994450e-02	2.92100909e-01	8.38453626e+00	1.00159742e+00	9.95856629e-03	
9.86464973e-02	2.95577389e-01	8.35913742e+00	1.02219715e+00	9.95759713e-03	
9.97935496e-02	2.99054393e-01	8.33352283e+00	1.04290184e+00	9.95661743e-03	
1.00940602e-01	3.02533075e-01	8.30768657e+00	1.06370634e+00	9.95562688e-03	
1.02087654e-01	3.06013420e-01	8.28163127e+00	1.08460650e+00	9.95462552e-03	
1.03234707e-01	3.09494999e-01	8.25536269e+00	1.10559859e+00	9.95361349e-03	
1.04381759e-01	3.12975725e-01	8.22889937e+00	1.12668065e+00	9.95259144e-03	
1.05528811e-01	3.16462548e-01	8.20219087e+00	1.14784124e+00	9.95155734e-03	
1.06675863e-01	3.19949641e-01	8.17528414e+00	1.16908221e+00	9.95051292e-03	
1.07822916e-01	3.23435786e-01	8.14819150e+00	1.19040087e+00	9.94945859e-03	
1.08969968e-01	3.26925403e-01	8.12088130e+00	1.21178807e+00	9.94839306e-03	
1.10117020e-01	3.30416856e-01	8.09336879e+00	1.23324140e+00	9.94731682e-03	
1.11264073e-01	3.33909985e-01	8.06565790e+00	1.25475682e+00	9.94622995e-03	
1.12411125e-01	3.37403606e-01	8.03776077e+00	1.27633162e+00	9.94513286e-03	
1.13558177e-01	3.40898329e-01	8.00967531e+00	1.29796087e+00	9.94402539e-03	
1.14705229e-01	3.44396559e-01	7.98138485e+00	1.31963721e+00	9.94290679e-03	
1.15852282e-01	3.47896179e-01	7.95290908e+00	1.34135912e+00	9.94177776e-03	
1.16999334e-01	3.51395063e-01	7.92426823e+00	1.36312540e+00	9.94063903e-03	
1.18146386e-01	3.54898818e-01	7.89541909e+00	1.38492399e+00	9.93948880e-03	
1.19293439e-01	3.58402000e-01	7.86640915e+00	1.40675838e+00	9.93832887e-03	
1.20440491e-01	3.61906606e-01	7.83722486e+00	1.42862158e+00	9.93715864e-03	
1.21587543e-01	3.65413189e-01	7.80786436e+00	1.45050854e+00	9.93597793e-03	
1.22734596e-01	3.68924300e-01	7.77830889e+00	1.47241096e+00	9.93478591e-03	
1.23881648e-01	3.72435312e-01	7.74860014e+00	1.49433188e+00	9.93358417e-03	
1.25028700e-01	3.75947256e-01	7.71873235e+00	1.51626558e+00	9.93237241e-03	
1.26175752e-01	3.79463070e-01	7.68868329e+00	1.53820296e+00	9.93114962e-03	
1.27322805e-01	3.82978109e-01	7.65849552e+00	1.56014772e+00	9.92991747e-03	
1.28469857e-01	3.86498352e-01	7.62812047e+00	1.58208527e+00	9.92867389e-03	
1.29616909e-01	3.90016937e-01	7.59762020e+00	1.60402365e+00	9.92742132e-03	
1.30763962e-01	3.93541331e-01	7.56693284e+00	1.62594512e+00	9.92615713e-03	
1.31911014e-01	3.97062298e-01	7.53614167e+00	1.64786274e+00	9.92488469e-03	
1.33058066e-01	4.00590313e-01	7.50515806e+00	1.66975257e+00	9.92360023e-03	
1.34205118e-01	4.04116968e-01	7.47405853e+00	1.69162665e+00	9.92230684e-03	
1.35352171e-01	4.07646589e-01	7.44280799e+00	1.71347247e+00	9.92100298e-03	
1.36499223e-01	4.11179144e-01	7.41140947e+00	1.73528587e+00	9.91968868e-03	
1.37646275e-01	4.14712317e-01	7.37988649e+00	1.75706761e+00	9.91836483e-03	
1.38793328e-01	4.18245909e-01	7.34824382e+00	1.77881425e+00	9.91703156e-03	
1.39940380e-01	4.21786471e-01	7.31642559e+00	1.80050744e+00	9.91568642e-03	
1.41087432e-01	4.25326897e-01	7.28449839e+00	1.82215860e+00	9.91433212e-03	
1.42234485e-01	4.28867171e-01	7.25246548e+00	1.84376404e+00	9.91296872e-03	
1.43381537e-01	4.32412198e-01	7.22028539e+00	1.86530859e+00	9.91159437e-03	
1.44528589e-01	4.35955522e-01	7.18801963e+00	1.88680338e+00	9.91021161e-03	
1.45675641e-01	4.39503709e-01	7.15561143e+00	1.90822900e+00	9.90881791e-03	
1.46822694e-01	4.43055233e-01	7.12307747e+00	1.92958497e+00	9.90741390e-03	
1.47969746e-01	4.46609743e-01	7.09042375e+00	1.95086812e+00	9.90599973e-03	
1.49116798e-01	4.50163241e-01	7.05769008e+00	1.97208481e+00	9.90457705e-03	
1.50263851e-01	4.53718857e-01	7.02485063e+00	1.99322344e+00	9.90314465e-03	
1.51410903e-01	4.57278523e-01	6.99189043e+00	2.01427506e+00	9.90170178e-03	
1.52557955e-01	4.60840258e-01	6.95883068e+00	2.03524104e+00	9.90024926e-03	
1.53705007e-01	4.64405585e-01	6.92566014e+00	2.05611344e+00	9.89878653e-03	
1.54852060e-01	4.67970640e-01	6.89241770e+00	2.07689923e+00	9.89731519e-03	
1.55999112e-01	4.71538866e-01	6.85907425e+00	2.09758525e+00	9.89583387e-03	
1.57146164e-01	4.75108831e-01	6.82564607e+00	2.11817189e+00	9.89434321e-03	
1.58293217e-01	4.78681759e-01	6.79212463e+00	2.13865199e+00	9.89284272e-03	
1.59440269e-01	4.82257437e-01	6.75851481e+00	2.15902251e+00	9.89133254e-03	
1.60587321e-01	4.85835917e-01	6.72481902e+00	2.17927969e+00	9.88981267e-03	
1.61734374e-01	4.89414227e-01	6.69106820e+00	2.19942918e+00	9.88828442e-03	
1.62881426e-01	4.92998099e-01	6.65721118e+00	2.21944978e+00	9.88674539e-03	
1.64028478e-01	4.96582390e-01	6.62329945e+00	2.23935407e+00	9.88519781e-03	
1.65175530e-01	5.00169912e-01	6.58930931e+00	2.25912977e+00	9.88364051e-03	
1.66322583e-01	5.03762109e-01	6.55522994e+00	2.27876864e+00	9.88207290e-03	
1.67469635e-01	5.07353801e-01	6.52111339e+00	2.29828437e+00	9.88049728e-03	
1.68616687e-01	5.10947540e-01	6.48693836e+00	2.31766542e+00	9.87891258e-03	
1.69763740e-01	5.14546191e-01	6.45268047e+00	2.33689872e+00	9.87731757e-03	
1.70910792e-01	5.18145742e-01	6.41838076e+00	2.35599473e+00	9.87571407e-03	
1.72057844e-01	5.21747984e-01	6.38402510e+00	2.37494417e+00	9.87410133e-03	
1.73204896e-01	5.25353228e-01	6.34961336e+00	2.39374275e+00	9.87247924e-03	
1.74351949e-01	5.28959270e-01	6.31516944e+00	2.41239536e+00	9.87084884e-03	
1.75499001e-01	5.32572067e-01	6.28063931e+00	2.43087717e+00	9.86920749e-03	
1.76646053e-01	5.36185854e-01	6.24608086e+00	2.44920617e+00	9.86755781e-03	
1.77793106e-01	5.39801031e-01	6.21149316e+00	2.46737811e+00	9.86589969e-03	
1.78940158e-01	5.43419041e-01	6.17686524e+00	2.48538472e+00	9.86423252e-03	
1.80087210e-01	5.47041068e-01	6.14218857e+00	2.50321845e+00	9.86255577e-03	
1.81234263e-01	5.50664362e-01	6.10749231e+00	2.52088714e+00	9.86087078e-03	
1.82381315e-01	5.54291699e-01	6.07275269e+00	2.53837712e+00	9.85917628e-03	
1.83528367e-01	5.57922376e-01	6.03797923e+00	2.55568827e+00	9.85747266e-03	
1.84675419e-01	5.61554642e-01	6.00319150e+00	2.57282501e+00	9.85576077e-03	
1.85822472e-01	5.65189408e-01	5.96838356e+00	2.58978108e+00	9.85404024e-03	
1.86969524e-01	5.68826923e-01	5.93355578e+00	2.60655287e+00	9.85231099e-03	
1.88116576e-01	5.72467411e-01	5.89870878e+00	2.62313687e+00	9.85057296e-03	
1.89263629e-01	5.76110563e-01	5.86384827e+00	2.63953189e+00	9.84882634e-03	
1.90410681e-01	5.79757317e-01	5.82896802e+00	2.65573140e+00	9.84707073e-03	
1.91557733e-01	5.83407840e-01	5.79406917e+00	2.67173216e+00	9.84530609e-03	
1.92704785e-01	5.87062142e-01	5.75915435e+00	2.68753162e+00	9.84353245e-03	
1.93851838e-01	5.90718620e-01	5.72424160e+00	2.70313456e+00	9.84175064e-03	
1.94998890e-01	5.94375199e-01	5.68935337e+00	2.71854829e+00	9.83996172e-03	
1.96145942e-01	5.98036520e-01	5.65444806e+00	2.73374965e+00	9.83816348e-03	
1.97292995e-01	6.01700466e-01	5.61954854e+00	2.74874607e+00	9.83635700e-03	
1.98440047e-01	6.05370993e-01	5.58461981e+00	2.76351686e+00	9.83454036e-03	
1.99587099e-01	6.09039870e-01	5.54974284e+00	2.77809860e+00	9.83271770e-03	
2.00734152e-01	6.12714352e-01	5.51485125e+00	2.79245511e+00	9.83088545e-03	
2.01881204e-01	6.16393581e-01	5.47995587e+00	2.80658821e+00	9.82904408e-03	
2.03028256e-01	6.20071330e-01	5.44511833e+00	2.82052630e+00	9.82719678e-03	
2.04175308e-01	6.23756305e-01	5.41025871e+00	2.83422508e+00	9.82533920e-03	
2.05322361e-01	6.27443514e-01	5.37542689e+00	2.84770712e+00	9.82347392e-03	
2.06469413e-01	6.31133419e-01	5.34062103e+00	2.86096847e+00	9.82160075e-03	
2.07616465e-01	6.34826548e-01	5.30583868e+00	2.87400482e+00	9.81971946e-03	
2.08763518e-01	6.38524442e-01	5.27106790e+00	2.88680658e+00	9.81782934e-03	
2.09910570e-01	6.42223053e-01	5.23634925e+00	2.89939299e+00	9.81593248e-03	
2.11057622e-01	6.45927283e-01	5.20163918e+00	2.91173716e+00	9.81402644e-03	
2.12204674e-01	6.49632252e-01	5.16698592e+00	2.92386311e+00	9.81211377e-03	
2.13351727e-01	6.53345234e-01	5.13232395e+00	2.93573093e+00	9.81019076e-03	
2.14498779e-01	6.57056293e-01	5.09774845e+00	2.94739210e+00	9.80826262e-03	
2.15645831e-01	6.60773915e-01	5.06318274e+00	2.95879994e+00	9.80632498e-03	
2.16792884e-01	6.64495212e-01	5.02865621e+00	2.96996857e+00	9.80437940e-03	
2.17939936e-01	6.68218850e-01	4.99418358e+00	2.98090410e+00	9.80242663e-03	
2.19086988e-01	6.71946594e-01	4.95975090e+00	2.99159569e+00	9.80046580e-03	
2.20234041e-01	6.75675000e-01	4.92539229e+00	3.00206149e+00	9.79849877e-03	
2.21381093e-01	6.79409133e-01	4.89106337e+00	3.01227216e+00	9.79652294e-03	
2.22528145e-01	6.83146873e-01	4.85678605e+00	3.02223849e+00	9.79453945e-03	
2.23675197e-01	6.86891044e-01	4.82253687e+00	3.03194333e+00	9.79254687e-03	
2.24822250e-01	6.90634773e-01	4.78838092e+00	3.04142516e+00	9.79054891e-03	
2.25969302e-01	6.94384462e-01	4.75426205e+00	3.05064637e+00	9.78854221e-03	
2.27116354e-01	6.98135461e-01	4.72022479e+00	3.05963318e+00	9.78652931e-03	
2.28263407e-01	7.01893062e-01	4.68622342e+00	3.06835385e+00	9.78450742e-03	
2.29410459e-01	7.05652931e-01	4.65229941e+00	3.07683316e+00	9.78247894e-03	
2.30557511e-01	7.09416435e-01	4.61844257e+00	3.08506247e+00	9.78044317e-03	
2.31704564e-01	7.13184230e-01	4.58464924e+00	3.09303727e+00	9.77839981e-03	
2.32851616e-01	7.16955450e-01	4.55092933e+00	3.10076224e+00	9.77634940e-03	
2.33998668e-01	7.20729276e-01	4.51729224e+00	3.10824199e+00	9.77429244e-03	
2.35145720e-01	7.24508436e-01	4.48371581e+00	3.11545943e+00	9.77222748e-03	
2.36292773e-01	7.28290131e-01	4.45022703e+00	3.12243142e+00	9.77015613e-03	
2.37439825e-01	7.32075654e-01	4.41681647e+00	3.12914973e+00	9.76807773e-03	
2.38586877e-01	7.35868764e-01	4.38345317e+00	3.13559051e+00	9.76599026e-03	
2.39733930e-01	7.39662278e-01	4.35020237e+00	3.14179853e+00	9.76389774e-03	
2.40880982e-01	7.43460446e-01	4.31702873e+00	3.14774707e+00	9.76179788e-03	
2.42028034e-01	7.47263792e-01	4.28392977e+00	3.15343260e+00	9.75969045e-03	
2.43175086e-01	7.51070880e-01	4.25091999e+00	3.15886417e+00	9.75757630e-03	
2.44322139e-01	7.54879617e-01	4.21801942e+00	3.16405542e+00	9.75545665e-03	
2.45469191e-01	7.58695252e-01	4.18518467e+00	3.16897252e+00	9.75332865e-03	
2.46616243e-01	7.62514653e-01	4.15244470e+00	3.17363573e+00	9.75119408e-03	
2.47763296e-01	7.66335676e-01	4.11981971e+00	3.17805942e+00	9.74905422e-03	
2.48910348e-01	7.70163961e-01	4.08726343e+00	3.18220678e+00	9.74690597e-03	
2.50057400e-01	7.73993302e-01	4.05483050e+00	3.18611900e+00	9.74475286e-03	
2.51204453e-01	7.77828908e-01	4.02247859e+00	3.18976194e+00	9.74259202e-03	
2.52351505e-01	7.81668529e-01	3.99022861e+00	3.19315088e+00	9.74042479e-03	
2.53498557e-01	7.85510935e-01	3.95809258e+00	3.19629456e+00	9.73825192e-03	
2.54645609e-01	7.89361776e-01	3.92602518e+00	3.19915535e+00	9.73607027e-03	
2.55792662e-01	7.93215199e-01	3.89407701e+00	3.20177318e+00	9.73388322e-03	
2.56939714e-01	7.97071975e-01	3.86224331e+00	3.20414356e+00	9.73169038e-03	
2.58086766e-01	8.00932300e-01	3.83052405e+00	3.20626585e+00	9.72949172e-03	
2.59233819e-01	8.04796746e-01	3.79891615e+00	3.20813686e+00	9.72728697e-03	
2.60380871e-01	8.08666854e-01	3.76740874e+00	3.20974666e+00	9.72507531e-03	
2.61527923e-01	8.12542770e-01	3.73600244e+00	3.21109493e+00	9.72285672e-03	
2.62674975e-01	8.16420875e-01	3.70472813e+00	3.21220762e+00	9.72063334e-03	
2.63822028e-01	8.20304189e-01	3.67356296e+00	3.21306462e+00	9.71840349e-03	
2.64969080e-01	8.24193236e-01	3.64250442e+00	3.21366311e+00	9.71616694e-03	
2.66116132e-01	8.28085641e-01	3.61157307e+00	3.21402075e+00	9.71392511e-03	
2.67263185e-01	8.31981632e-01	3.58076845e+00	3.21413697e+00	9.71167795e-03	
2.68410237e-01	8.35882396e-01	3.55008269e+00	3.21400452e+00	9.70942482e-03	
2.69557289e-01	8.39791202e-01	3.51949174e+00	3.21360116e+00	9.70716391e-03	
2.70704342e-01	8.43702884e-01	3.48903762e+00	3.21296473e+00	9.70489826e-03	
2.71851394e-01	8.47618113e-01	3.45871634e+00	3.21209172e+00	9.70262756e-03	
2.72998446e-01	8.51539294e-01	3.42851077e+00	3.21096619e+00	9.70035046e-03	
2.74145498e-01	8.55464475e-01	3.39843730e+00	3.20960334e+00	9.69806818e-03	
2.75292551e-01	8.59396072e-01	3.36847889e+00	3.20798710e+00	9.69577937e-03	
2.76439603e-01	8.63331581e-01	3.33865604e+00	3.20613692e+00	9.69348556e-03	
2.77586655e-01	8.67271318e-01	3.30896758e+00	3.20405192e+00	9.69118662e-03	
2.78733708e-01	8.71215688e-01	3.27941173e+00	3.20173065e+00	9.68888239e-03	
2.79880760e-01	8.75165260e-01	3.24998545e+00	3.19917037e+00	9.68657261e-03	
2.81027812e-01	8.79118183e-01	3.22070384e+00	3.19638629e+00	9.68425842e-03	
2.82174864e-01	8.83078582e-01	3.19153755e+00	3.19334964e+00	9.68193747e-03	
2.83321917e-01	8.87045419e-01	3.16249573e+00	3.19006957e+00	9.67961045e-03	
2.84468969e-01	8.91014281e-01	3.13361180e+00	3.18658021e+00	9.67728000e-03	
2.85616021e-01	8.94988481e-01	3.10486264e+00	3.18285889e+00	9.67494425e-03	
2.86763074e-01	8.98971070e-01	3.07622758e+00	3.17888472e+00	9.67260147e-03	
2.87910126e-01	9.02956373e-01	3.04774862e+00	3.17470142e+00	9.67025507e-03	
2.89057178e-01	9.06946087e-01	3.01941452e+00	3.17029825e+00	9.66790413e-03	
2.90204231e-01	9.10943191e-01	2.99120532e+00	3.16565488e+00	9.66554695e-03	
2.91351283e-01	9.14944923e-01	2.96314169e+00	3.16079371e+00	9.66318524e-03	
2.92498335e-01	9.18950413e-01	2.93523063e+00	3.15572312e+00	9.66081957e-03	
2.93645387e-01	9.22961039e-01	2.90746348e+00	3.15043482e+00	9.65844920e-03	
2.94792440e-01	9.26977586e-01	2.87983581e+00	3.14492487e+00	9.65607375e-03	
2.95939492e-01	9.31002449e-01	2.85233239e+00	3.13917730e+00	9.65369186e-03	
2.97086544e-01	9.35028807e-01	2.82500072e+00	3.13324526e+00	9.65130764e-03	
2.98233597e-01	9.39061162e-01	2.79781091e+00	3.12709702e+00	9.64891851e-03	
2.99380649e-01	9.43100849e-01	2.77075513e+00	3.12072472e+00	9.64652372e-03	
3.00527701e-01	9.47145835e-01	2.74384795e+00	3.11414567e+00	9.64412458e-03	
3.01674753e-01	9.51194190e-01	2.71710288e+00	3.10737652e+00	9.64172228e-03	
3.02821806e-01	9.55250233e-01	2.69049232e+00	3.10038702e+00	9.63931435e-03	
3.03968858e-01	9.59311916e-01	2.66403066e+00	3.09319476e+00	9.63690207e-03	
3.05115910e-01	9.63377131e-01	2.63773227e+00	3.08581785e+00	9.63448676e-03	
3.06262963e-01	9.67449446e-01	2.61157485e+00	3.07823166e+00	9.63206639e-03	
3.07410015e-01	9.71528924e-01	2.58555895e+00	3.07043800e+00	9.62964097e-03	
3.08557067e-01	9.75612894e-01	2.55970236e+00	3.06245932e+00	9.62721219e-03	
3.09704120e-01	9.79700686e-01	2.53400982e+00	3.05430302e+00	9.62478050e-03	
3.10851172e-01	9.83797442e-01	2.50844983e+00	3.04593268e+00	9.62234293e-03	
3.11998224e-01	9.87899011e-01	2.48304908e+00	3.03738198e+00	9.61990202e-03	
3.13145276e-01	9.92006162e-01	2.45780342e+00	3.02864757e+00	9.61745739e-03	
3.14292329e-01	9.96120097e-01	2.43270609e+00	3.01972273e+00	9.61500839e-03	
3.15439381e-01	1.00023984e+00	2.40776380e+00	3.01061741e+00	9.61255569e-03	
3.16586433e-01	1.00436442e+00	2.38298287e+00	3.00134130e+00	9.61009994e-03	
3.17733486e-01	1.00849585e+00	2.35835173e+00	2.99188169e+00	9.60764001e-03	
3.18880538e-01	1.01263254e+00	2.33388055e+00	2.98225322e+00	9.60517693e-03	
3.20027590e-01	1.01677659e+00	2.30955735e+00	2.97244246e+00	9.60270953e-03	
3.21174642e-01	1.02092564e+00	2.28539661e+00	2.96246987e+00	9.60023928e-03	
3.22321695e-01	1.02508188e+00	2.26138603e+00	2.95232146e+00	9.59776497e-03	
3.23468747e-01	1.02924536e+00	2.23752591e+00	2.94199946e+00	9.59528664e-03	
3.24615799e-01	1.03341216e+00	2.21383914e+00	2.93153601e+00	9.59280670e-03	
3.25762852e-01	1.03758946e+00	2.19028530e+00	2.92087969e+00	9.59032095e-03	
3.26909904e-01	1.04176947e+00	2.16690893e+00	2.91009173e+00	9.58783412e-03	
3.28056956e-01	1.04595662e+00	2.14368532e+00	2.89914142e+00	9.58534364e-03	
3.29204009e-01	1.05015108e+00	2.12061414e+00	2.88803031e+00	9.58284949e-03	
3.30351061e-01	1.05435113e+00	2.09770519e+00	2.87677389e+00	9.58035278e-03	
3.31498113e-01	1.05855887e+00	2.07494738e+00	2.86535920e+00	9.57785234e-03	
3.32645165e-01	1.06277220e+00	2.05235239e+00	2.85380456e+00	9.57534949e-03	
3.33792218e-01	1.06699188e+00	2.02991637e+00	2.84210700e+00	9.57284386e-03	
3.34939270e-01	1.07121890e+00	2.00763446e+00	2.83026202e+00	9.57033495e-03	
3.36086322e-01	1.07545132e+00	1.98551701e+00	2.81828658e+00	9.56782398e-03	
3.37233375e-01	1.07969275e+00	1.96354560e+00	2.80615691e+00	9.56530891e-03	
3.38380427e-01	1.08393987e+00	1.94173771e+00	2.79390025e+00	9.56279178e-03	
3.39527479e-01	1.08819311e+00	1.92009120e+00	2.78151610e+00	9.56027240e-03	
3.40674531e-01	1.09245414e+00	1.89859783e+00	2.76899505e+00	9.55774989e-03	
3.41821584e-01	1.09672244e+00	1.87726052e+00	2.75634372e+00	9.55522463e-03	
3.42968636e-01	1.10099761e+00	1.85608143e+00	2.74356784e+00	9.55269694e-03	
3.44115688e-01	1.10527699e+00	1.83507372e+00	2.73068953e+00	9.55016848e-03	
3.45262741e-01	1.10956617e+00	1.81421009e+00	2.71767093e+00	9.54763602e-03	
3.46409793e-01	1.11385961e+00	1.79351759e+00	2.70455505e+00	9.54510292e-03	
3.47556845e-01	1.11816459e+00	1.77296134e+00	2.69129202e+00	9.54256497e-03	
3.48703898e-01	1.12247098e+00	1.75258972e+00	2.67795779e+00	9.54002822e-03	
3.49850950e-01	1.12678945e+00	1.73235233e+00	2.66447840e+00	9.53748649e-03	
3.50998002e-01	1.13111576e+00	1.71226938e+00	2.65088717e+00	9.53494233e-03	
3.52145054e-01	1.13544632e+00	1.69235747e+00	2.63721267e+00	9.53239797e-03	
3.53292107e-01	1.13978332e+00	1.67260627e+00	2.62344192e+00	9.52985219e-03	
3.54439159e-01	1.14413079e+00	1.65299757e+00	2.60954910e+00	9.52730270e-03	
3.55586211e-01	1.14848473e+00	1.63354953e+00	2.59556551e+00	9.52475195e-03	
3.56733264e-01	1.15284561e+00	1.61425999e+00	2.58149068e+00	9.52219975e-03	
3.57880316e-01	1.15721271e+00	1.59513189e+00	2.56733231e+00	9.51964660e-03	
3.59027368e-01	1.16159073e+00	1.57614480e+00	2.55306040e+00	9.51708984e-03	
3.60174420e-01	1.16597356e+00	1.55732523e+00	2.53872066e+00	9.51453314e-03	
3.61321473e-01	1.17036220e+00	1.53866839e+00	2.52430855e+00	9.51197599e-03	
3.62468525e-01	1.17476350e+00	1.52014535e+00	2.50977957e+00	9.50941449e-03	
3.63615577e-01	1.17916891e+00	1.50179197e+00	2.49519564e+00	9.50685370e-03	
3.64762630e-01	1.18358404e+00	1.48358477e+00	2.48052098e+00	9.50429045e-03	
3.65909682e-01	1.18800769e+00	1.46552862e+00	2.46576663e+00	9.50172554e-03	
3.67056734e-01	1.19243671e+00	1.44763615e+00	2.45095691e+00	9.49916087e-03	
3.68203787e-01	1.19687580e+00	1.42988817e+00	2.43606257e+00	9.49659382e-03	
3.69350839e-01	1.20132055e+00	1.41230213e+00	2.42111634e+00	9.49402702e-03	
3.70497891e-01	1.20577538e+00	1.39486035e+00	2.40609114e+00	9.49145801e-03	
3.71644943e-01	1.21023597e+00	1.37757948e+00	2.39101878e+00	9.48888938e-03	
3.72791996e-01	1.21470690e+00	1.36044153e+00	2.37587126e+00	9.48631856e-03	
3.73939048e-01	1.21918389e+00	1.34346274e+00	2.36068002e+00	9.48374813e-03	
3.75086100e-01	1.22367348e+00	1.32661817e+00	2.34540447e+00	9.48117442e-03	
3.76233153e-01	1.22816915e+00	1.30993214e+00	2.33009049e+00	9.47860126e-03	
3.77380205e-01	1.23267063e+00	1.29340509e+00	2.31474236e+00	9.47602888e-03	
3.78527257e-01	1.23718198e+00	1.27702178e+00	2.29933624e+00	9.47345507e-03	
3.79674310e-01	1.24170335e+00	1.26078158e+00	2.28387402e+00	9.47087984e-03	
3.80821362e-01	1.24623034e+00	1.24469988e+00	2.26838682e+00	9.46830578e-03	
3.81968414e-01	1.25077013e+00	1.22875095e+00	2.25283111e+00	9.46572890e-03	
3.83115466e-01	1.25531475e+00	1.21296246e+00	2.23726070e+00	9.46315382e-03	
3.84262519e-01	1.25986803e+00	1.19732059e+00	2.22165370e+00	9.46057848e-03	
3.85409571e-01	1.26443233e+00	1.18181694e+00	2.20599776e+00	9.45800161e-03	
3.86556623e-01	1.26900438e+00	1.16646244e+00	2.19031643e+00	9.45542518e-03	
3.87703676e-01	1.27358455e+00	1.15125530e+00	2.17460980e+00	9.45284906e-03	
3.88850728e-01	1.27817202e+00	1.13619770e+00	2.15888547e+00	9.45027380e-03	
3.89997780e-01	1.28277366e+00	1.12126701e+00	2.14310366e+00	9.44769566e-03	
3.91144832e-01	1.28737991e+00	1.10649376e+00	2.12732590e+00	9.44512007e-03	
3.92291885e-01	1.29199793e+00	1.09185462e+00	2.11151089e+00	9.44254316e-03	
3.93438937e-01	1.29662273e+00	1.07736488e+00	2.09569151e+00	9.43996777e-03	
3.94585989e-01	1.30125612e+00	1.06301837e+00	2.07985929e+00	9.43739301e-03	
3.95733042e-01	1.30589997e+00	1.04880883e+00	2.06400538e+00	9.43481793e-03	
3.96880094e-01	1.31055321e+00	1.03473919e+00	2.04813885e+00	9.43224323e-03	
3.98027146e-01	1.31521380e+00	1.02081505e+00	2.03227425e+00	9.42967012e-03	
3.99174199e-01	1.31988734e+00	1.00701932e+00	2.01638097e+00	9.42709563e-03	
4.00321251e-01	1.32456889e+00	9.93366157e-01	2.00049060e+00	9.42452257e-03	
4.01468303e-01	1.32926127e+00	9.79846896e-01	1.98458914e+00	9.42194950e-03	
4.02615355e-01	1.33396029e+00	9.66472984e-01	1.96870322e+00	9.41937880e-03	
4.03762408e-01	1.33867145e+00	9.53228295e-01	1.95280353e+00	9.41680757e-03	
4.04909460e-01	1.34339058e+00	9.40124042e-01	1.93691637e+00	9.41423819e-03	
4.06056512e-01	1.34811978e+00	9.27153808e-01	1.92103205e+00	9.41166960e-03	
4.07203565e-01	1.35285888e+00	9.14317565e-01	1.90515392e+00	9.40910201e-03	
4.08350617e-01	1.35760761e+00	9.01615486e-01	1.88928579e+00	9.40653566e-03	
4.09497669e-01	1.36236684e+00	8.89044741e-01	1.87342517e+00	9.40397019e-03	
4.10644721e-01	1.36713555e+00	8.76607457e-01	1.85757995e+00	9.40140625e-03	
4.11791774e-01	1.37191540e+00	8.64298769e-01	1.84174327e+00	9.39884303e-03	
4.12938826e-01	1.37670534e+00	8.52120881e-01	1.82592321e+00	9.39628123e-03	
4.14085878e-01	1.38150343e+00	8.40078054e-01	1.81013240e+00	9.39372196e-03	
4.15232931e-01	1.38631280e+00	8.28161822e-01	1.79435615e+00	9.39116368e-03	
4.16379983e-01	1.39113113e+00	8.16377284e-01	1.77860890e+00	9.38860769e-03	
4.17527035e-01	1.39596113e+00	8.04717269e-01	1.76287853e+00	9.38605269e-03	
4.18674088e-01	1.40080223e+00	7.93182646e-01	1.74717028e+00	9.38349907e-03	
4.19821140e-01	1.40565246e+00	7.81777449e-01	1.73149647e+00	9.38094799e-03	
4.20968192e-01	1.41051432e+00	7.70495225e-01	1.71584629e+00	9.37839822e-03	
4.22115244e-01	1.41538823e+00	7.59334415e-01	1.70021961e+00	9.37584966e-03	
4.23262297e-01	1.42027217e+00	7.48299161e-01	1.68462907e+00	9.37330348e-03	
4.24409349e-01	1.42516604e+00	7.37388893e-01	1.66907688e+00	9.37075982e-03	
4.25556401e-01	1.43007050e+00	7.26601532e-01	1.65356179e+00	9.36821846e-03	
4.26703454e-01	1.43498522e+00	7.15937122e-01	1.63808737e+00	9.36567966e-03	
4.27850506e-01	1.43991328e+00	7.05388407e-01	1.62264039e+00	9.36314194e-03	
4.28997558e-01	1.44485045e+00	6.94963808e-01	1.60724355e+00	9.36060760e-03	
4.30144610e-01	1.44979778e+00	6.84660356e-01	1.59189353e+00	9.35807619e-03	
4.31291663e-01	1.45475887e+00	6.74469936e-01	1.57657482e+00	9.35554599e-03	
4.32438715e-01	1.45973018e+00	6.64399284e-01	1.56130646e+00	9.35301891e-03	
4.33585767e-01	1.46471123e+00	6.54448531e-01	1.54609223e+00	9.35049529e-03	
4.34732820e-01	1.46970697e+00	6.44607243e-01	1.53091085e+00	9.34797275e-03	
4.35879872e-01	1.47471114e+00	6.34887098e-01	1.51579334e+00	9.34545456e-03	
4.37026924e-01	1.47972979e+00	6.25275648e-01	1.50071342e+00	9.34293778e-03	
4.38173977e-01	1.48475797e+00	6.15781731e-01	1.48569556e+00	9.34042500e-03	
4.39321029e-01	1.48979847e+00	6.06399356e-01	1.47072874e+00	9.33791494e-03	
4.40468081e-01	1.49485155e+00	5.97127413e-01	1.45581355e+00	9.33540759e-03	
4.41615133e-01	1.49991637e+00	5.87966788e-01	1.44095545e+00	9.33290347e-03	
4.42762186e-01	1.50499211e+00	5.78918205e-01	1.42615955e+00	9.33040310e-03	
4.43909238e-01	1.51007984e+00	5.69979086e-01	1.41142287e+00	9.32790606e-03	
4.45056290e-01	1.51518216e+00	5.61144213e-01	1.39673572e+00	9.32541119e-03	
4.46203343e-01	1.52029124e+00	5.52426347e-01	1.38213316e+00	9.32292243e-03	
4.47350395e-01	1.52541796e+00	5.43806266e-01	1.36757049e+00	9.32043459e-03	
4.48497447e-01	1.53055472e+00	5.35296122e-01	1.35308136e+00	9.31795148e-03	
4.49644499e-01	1.53570445e+00	5.26890329e-01	1.33865499e+00	9.31547179e-03	
4.50791552e-01	1.54086563e+00	5.18590624e-01	1.32429903e+00	9.31299637e-03	
4.51938604e-01	1.54604173e+00	5.10390799e-01	1.31000086e+00	9.31052368e-03	
4.53085656e-01	1.55122802e+00	5.02297627e-01	1.29578103e+00	9.30805608e-03	
4.54232709e-01	1.55642951e+00	4.94302560e-01	1.28162075e+00	9.30559131e-03	
4.55379761e-01	1.56164272e+00	4.86410333e-01	1.26753542e+00	9.30313114e-03	
4.56526813e-01	1.56686587e+00	4.78622753e-01	1.25353304e+00	9.30067651e-03	
4.57673866e-01	1.57210843e+00	4.70925125e-01	1.23957827e+00	9.29822310e-03	
4.58820918e-01	1.57735983e+00	4.63332347e-01	1.22571332e+00	9.29577598e-03	
4.59967970e-01	1.58262295e+00	4.55839328e-01	1.21192805e+00	9.29333390e-03	
4.61115022e-01	1.58790324e+00	4.48437689e-01	1.19820330e+00	9.29089447e-03	
4.62262075e-01	1.59319254e+00	4.41138143e-01	1.18457075e+00	9.28846156e-03	
4.63409127e-01	1.59849933e+00	4.33928292e-01	1.17100028e+00	9.28603141e-03	
4.64556179e-01	1.60381893e+00	4.26813834e-01	1.15751022e+00	9.28360627e-03	
4.65703232e-01	1.60915120e+00	4.19794251e-01	1.14410229e+00	9.28118633e-03	
4.66850284e-01	1.61449930e+00	4.12864675e-01	1.13076627e+00	9.27877028e-03	
4.67997336e-01	1.61985761e+00	4.06031615e-01	1.11752302e+00	9.27636076e-03	
4.69144388e-01	1.62523213e+00	3.99286704e-01	1.10435262e+00	9.27395520e-03	
4.70291441e-01	1.63062120e+00	3.92631391e-01	1.09126200e+00	9.27155447e-03	
4.71438493e-01	1.63602309e+00	3.86067077e-01	1.07825805e+00	9.26915947e-03	
4.72585545e-01	1.64143993e+00	3.79590437e-01	1.06533451e+00	9.26676936e-03	
4.73732598e-01	1.64687093e+00	3.73201739e-01	1.05249505e+00	9.26438462e-03	
4.74879650e-01	1.65231566e+00	3.66900765e-01	1.03974203e+00	9.26200556e-03	
4.76026702e-01	1.65777628e+00	3.60684309e-01	1.02706929e+00	9.25963135e-03	
4.77173755e-01	1.66325057e+00	3.54554214e-01	1.01448496e+00	9.25726310e-03	
4.78320807e-01	1.66874079e+00	3.48507257e-01	1.00198273e+00	9.25489994e-03	
4.79467859e-01	1.67424245e+00	3.42547618e-01	9.89577506e-01	9.25254392e-03	
4.80614911e-01	1.67976311e+00	3.36666425e-01	9.77246568e-01	9.25019194e-03	
4.81761964e-01	1.68529604e+00	3.30870187e-01	9.65011565e-01	9.24784699e-03	
4.82909016e-01	1.69084510e+00	3.25154116e-01	9.52861431e-01	9.24550756e-03	
4.84056068e-01	1.69640825e+00	3.19519606e-01	9.40803045e-01	9.24317462e-03	
4.85203121e-01	1.70198857e+00	3.13962865e-01	9.28828041e-01	9.24084702e-03	
4.86350173e-01	1.70758478e+00	3.08484535e-01	9.16941039e-01	9.23852543e-03	
4.87497225e-01	1.71319343e+00	3.03087234e-01	9.05152602e-01	9.23621139e-03	
4.88644277e-01	1.71881981e+00	2.97765150e-01	8.93448175e-01	9.23390285e-03	
4.89791330e-01	1.72446289e+00	2.92518647e-01	8.81831497e-01	9.23160036e-03	
4.90938382e-01	1.73012089e+00	2.87348692e-01	8.70308175e-01	9.22930478e-03	
4.92085434e-01	1.73579493e+00	2.82253558e-01	8.58875688e-01	9.22701578e-03	
4.93232487e-01	1.74148351e+00	2.77233871e-01	8.47538628e-01	9.22473409e-03	
4.94379539e-01	1.74718936e+00	2.72286532e-01	8.36290188e-01	9.22245874e-03	
4.95526591e-01	1.75291229e+00	2.67411076e-01	8.25131534e-01	9.22018994e-03	
4.96673644e-01	1.75865150e+00	2.62607520e-01	8.14065316e-01	9.21792815e-03	
4.97820696e-01	1.76440752e+00	2.57874750e-01	8.03090667e-01	9.21567328e-03	
4.98967748e-01	1.77018034e+00	2.53212105e-01	7.92208099e-01	9.21342547e-03	
5.00114800e-01	1.77596932e+00	2.48619436e-01	7.81419701e-01	9.21118510e-03	
5.01261853e-01	1.78177427e+00	2.44096189e-01	7.70726291e-01	9.20895237e-03	
5.02408905e-01	1.78759674e+00	2.39640495e-01	7.60124498e-01	9.20672682e-03	
5.03555957e-01	1.79343709e+00	2.35251425e-01	7.49613851e-01	9.20450844e-03	
5.04703010e-01	1.79929596e+00	2.30927899e-01	7.39193362e-01	9.20229712e-03	
5.05850062e-01	1.80517099e+00	2.26671007e-01	7.28868957e-01	9.20009390e-03	
5.06997114e-01	1.81106244e+00	2.22479853e-01	7.18640232e-01	9.19789880e-03	
5.08144166e-01	1.81697431e+00	2.18350981e-01	7.08498442e-01	9.19571047e-03	
5.09291219e-01	1.82290163e+00	2.14287228e-01	6.98455156e-01	9.19353089e-03	
5.10438271e-01	1.82884546e+00	2.10287153e-01	6.88508115e-01	9.19135978e-03	
5.11585323e-01	1.83481070e+00	2.06346863e-01	6.78646928e-01	9.18919550e-03	
5.12732376e-01	1.84079290e+00	2.02468700e-01	6.68881586e-01	9.18703982e-03	
5.13879428e-01	1.84679411e+00	1.98650700e-01	6.59207936e-01	9.18489212e-03	
5.15026480e-01	1.85281159e+00	1.94893946e-01	6.49631883e-01	9.18275351e-03	
5.16173533e-01	1.85884686e+00	1.91196820e-01	6.40150357e-01	9.18062359e-03	
5.17320585e-01	1.86490525e+00	1.87555495e-01	6.30752786e-01	9.17850061e-03	
5.18467637e-01	1.87097867e+00	1.83974233e-01	6.21455692e-01	9.17638757e-03	
5.19614689e-01	1.87707350e+00	1.80448633e-01	6.12246485e-01	9.17428236e-03	
5.20761742e-01	1.88318667e+00	1.76979890e-01	6.03131384e-01	9.17218620e-03	
5.21908794e-01	1.88931997e+00	1.73566379e-01	5.94107036e-01	9.17009861e-03	
5.23055846e-01	1.89547032e+00	1.70209193e-01	5.85179359e-01	9.16802078e-03	
5.24202899e-01	1.90164080e+00	1.66906020e-01	5.76342574e-01	9.16595179e-03	
5.25349951e-01	1.90783091e+00	1.63656547e-01	5.67597718e-01	9.16389196e-03	
5.26497003e-01	1.91404330e+00	1.60458830e-01	5.58940131e-01	9.16184055e-03	
5.27644056e-01	1.92027270e+00	1.57314978e-01	5.50379233e-01	9.15979944e-03	
5.28791108e-01	1.92652468e+00	1.54221601e-01	5.41905249e-01	9.15776695e-03	
5.29938160e-01	1.93279576e+00	1.51179851e-01	5.33524249e-01	9.15574436e-03	
5.31085212e-01	1.93908642e+00	1.48188892e-01	5.25235331e-01	9.15373164e-03	
5.32232265e-01	1.94539896e+00	1.45247073e-01	5.17034653e-01	9.15172821e-03	
5.33379317e-01	1.95173269e+00	1.42354164e-01	5.08923354e-01	9.14973443e-03	
5.34526369e-01	1.95808785e+00	1.39509511e-01	5.00901060e-01	9.14775038e-03	
5.35673422e-01	1.96445933e+00	1.36714786e-01	4.92975741e-01	9.14577777e-03	
5.36820474e-01	1.97085977e+00	1.33963927e-01	4.85127479e-01	9.14381285e-03	
5.37967526e-01	1.97727471e+00	1.31262609e-01	4.77378679e-01	9.14186022e-03	
5.39114578e-01	1.98371565e+00	1.28605419e-01	4.69711598e-01	9.13991650e-03	
5.40261631e-01	1.99017477e+00	1.25995041e-01	4.62137878e-01	9.13798420e-03	
5.41408683e-01	1.99665975e+00	1.23427849e-01	4.54646087e-01	9.13606117e-03	
5.42555735e-01	2.00316254e+00	1.20906488e-01	4.47247776e-01	9.13414995e-03	
5.43702788e-01	2.00969166e+00	1.18427125e-01	4.39930598e-01	9.13224818e-03	
5.44849840e-01	2.01623694e+00	1.15993070e-01	4.32708634e-01	9.13035897e-03	
5.45996892e-01	2.02281206e+00	1.13598727e-01	4.25562813e-01	9.12847850e-03	
5.47143945e-01	2.02940719e+00	1.11247216e-01	4.18506503e-01	9.12660977e-03	
5.48290997e-01	2.03602161e+00	1.08938206e-01	4.11540245e-01	9.12475310e-03	
5.49438049e-01	2.04266623e+00	1.06667422e-01	4.04649611e-01	9.12290559e-03	
5.50585101e-01	2.04933006e+00	1.04438144e-01	3.97848678e-01	9.12107045e-03	
5.51732154e-01	2.05601712e+00	1.02248488e-01	3.91131998e-01	9.11924673e-03	
5.52879206e-01	2.06272690e+00	1.00098107e-01	3.84499910e-01	9.11743469e-03	
5.54026258e-01	2.06946239e+00	9.79855708e-02	3.77948554e-01	9.11563369e-03	
5.55173311e-01	2.07622309e+00	9.59105735e-02	3.71478353e-01	9.11384402e-03	
5.56320363e-01	2.08300330e+00	9.38743516e-02	3.65095708e-01	9.11206733e-03	
5.57467415e-01	2.08981407e+00	9.18731265e-02	3.58787525e-01	9.11030089e-03	
5.58614467e-01	2.09664630e+00	8.99091233e-02	3.52564017e-01	9.10854722e-03	
5.59761520e-01	2.10350284e+00	8.79810191e-02	3.46421575e-01	9.10680573e-03	
5.60908572e-01	2.11038578e+00	8.60877758e-02	3.40357642e-01	9.10507604e-03	
5.62055624e-01	2.11729277e+00	8.42295761e-02	3.34374442e-01	9.10335890e-03	
5.63202677e-01	2.12422589e+00	8.24054086e-02	3.28469464e-01	9.10165394e-03	
5.64349729e-01	2.13118474e+00	8.06149289e-02	3.22642802e-01	9.09996143e-03	
5.65496781e-01	2.13816886e+00	7.88578082e-02	3.16894601e-01	9.09828163e-03	
5.66643834e-01	2.14517762e+00	7.71337469e-02	3.11225108e-01	9.09661483e-03	
5.67790886e-01	2.15221451e+00	7.54414496e-02	3.05630522e-01	9.09496038e-03	
5.68937938e-01	2.15927580e+00	7.37813837e-02	3.00114134e-01	9.09331929e-03	
5.70084990e-01	2.16636711e+00	7.21518093e-02	2.94670258e-01	9.09169043e-03	
5.71232043e-01	2.17348213e+00	7.05537486e-02	2.89304426e-01	9.09007540e-03	
5.72379095e-01	2.18062325e+00	6.89862188e-02	2.84013990e-01	9.08847382e-03	
5.73526147e-01	2.18779647e+00	6.74475108e-02	2.78793238e-01	9.08688449e-03	
5.74673200e-01	2.19499306e+00	6.59390921e-02	2.73649535e-01	9.08530952e-03	
5.75820252e-01	2.20221791e+00	6.44595061e-02	2.68578168e-01	9.08374799e-03	
5.76967304e-01	2.20947373e+00	6.30078154e-02	2.63576503e-01	9.08219948e-03	
5.78114356e-01	2.21675646e+00	6.15844482e-02	2.58647585e-01	9.08066502e-03	
5.79261409e-01	2.22406324e+00	6.01895304e-02	2.53793217e-01	9.07914537e-03	
5.80408461e-01	2.23140327e+00	5.88209142e-02	2.49005594e-01	9.07763875e-03	
5.81555513e-01	2.23877123e+00	5.74792311e-02	2.44288582e-01	9.07614645e-03	
5.82702566e-01	2.24617220e+00	5.61631924e-02	2.39637903e-01	9.07466761e-03	
5.83849618e-01	2.25359702e+00	5.48740384e-02	2.35060030e-01	9.07320422e-03	
5.84996670e-01	2.26105344e+00	5.36100284e-02	2.30548706e-01	9.07175489e-03	
5.86143723e-01	2.26853858e+00	5.23712874e-02	2.26105616e-01	9.07032036e-03	
5.87290775e-01	2.27605310e+00	5.11573273e-02	2.21729802e-01	9.06890065e-03	
5.88437827e-01	2.28359982e+00	4.99673393e-02	2.17418880e-01	9.06749539e-03	
5.89584879e-01	2.29117891e+00	4.88009617e-02	2.13172372e-01	9.06610475e-03	
5.90731932e-01	2.29878640e+00	4.76584473e-02	2.08992474e-01	9.06472960e-03	
5.91878984e-01	2.30642668e+00	4.65387833e-02	2.04875831e-01	9.06336931e-03	
5.93026036e-01	2.31409801e+00	4.54418885e-02	2.00823142e-01	9.06202438e-03	
5.94173089e-01	2.32180106e+00	4.43673243e-02	1.96833519e-01	9.06069483e-03	
5.95320141e-01	2.32953296e+00	4.33151386e-02	1.92908216e-01	9.05938134e-03	
5.96467193e-01	2.33730013e+00	4.22841276e-02	1.89042896e-01	9.05808296e-03	
5.97614245e-01	2.34510043e+00	4.12742631e-02	1.85238423e-01	9.05680025e-03	
5.98761298e-01	2.35293092e+00	4.02855949e-02	1.81496012e-01	9.05553384e-03	
5.99908350e-01	2.36079552e+00	3.93172974e-02	1.77812929e-01	9.05428327e-03	
6.01055402e-01	2.36869375e+00	3.83691233e-02	1.74189010e-01	9.05304878e-03	
6.02202455e-01	2.37662860e+00	3.74404139e-02	1.70622204e-01	9.05183010e-03	
6.03349507e-01	2.38459414e+00	3.65315560e-02	1.67115202e-01	9.05062829e-03	
6.04496559e-01	2.39259165e+00	3.56420738e-02	1.63666764e-01	9.04944332e-03	
6.05643612e-01	2.40062845e+00	3.47708641e-02	1.60272728e-01	9.04827429e-03	
6.06790664e-01	2.40870007e+00	3.39181349e-02	1.56934926e-01	9.04712203e-03	
6.07937716e-01	2.41680335e+00	3.30839142e-02	1.53654373e-01	9.04598715e-03	
6.09084768e-01	2.42494510e+00	3.22672081e-02	1.50427325e-01	9.04486888e-03	
6.10231821e-01	2.43312127e+00	3.14681463e-02	1.47255229e-01	9.04376794e-03	
6.11378873e-01	2.44133417e+00	3.06862187e-02	1.44136541e-01	9.04268420e-03	
6.12525925e-01	2.44957993e+00	2.99215054e-02	1.41072465e-01	9.04161832e-03	
6.13672978e-01	2.45786828e+00	2.91728382e-02	1.38058308e-01	9.04056924e-03	
6.14820030e-01	2.46618927e+00	2.84408538e-02	1.35097872e-01	9.03953840e-03	
6.15967082e-01	2.47455060e+00	2.77246003e-02	1.32187432e-01	9.03852501e-03	
6.17114134e-01	2.48294726e+00	2.70242474e-02	1.29328565e-01	9.03752986e-03	
6.18261187e-01	2.49138337e+00	2.63391892e-02	1.26519141e-01	9.03655262e-03	
6.19408239e-01	2.49985699e+00	2.56693293e-02	1.23759442e-01	9.03559371e-03	
6.20555291e-01	2.50836968e+00	2.50142909e-02	1.21048392e-01	9.03465313e-03	
6.21702344e-01	2.51692340e+00	2.43736818e-02	1.18384818e-01	9.03373083e-03	
6.22849396e-01	2.52551522e+00	2.37474778e-02	1.15769311e-01	9.03282733e-03	
6.23996448e-01	2.53414859e+00	2.31351872e-02	1.13200180e-01	9.03194243e-03	
6.25143501e-01	2.54281809e+00	2.25369504e-02	1.10678803e-01	9.03107687e-03	
6.26290553e-01	2.55153030e+00	2.19520723e-02	1.08202454e-01	9.03023015e-03	
6.27437605e-01	2.56028553e+00	2.13803141e-02	1.05770616e-01	9.02940245e-03	
6.28584657e-01	2.56907856e+00	2.08217839e-02	1.03384481e-01	9.02859443e-03	
6.29731710e-01	2.57791582e+00	2.02758473e-02	1.01041550e-01	9.02780568e-03	
6.30878762e-01	2.58679412e+00	1.97424837e-02	9.87423519e-02	9.02703667e-03	
6.32025814e-01	2.59571637e+00	1.92213019e-02	9.64855545e-02	9.02628734e-03	
6.33172867e-01	2.60468205e+00	1.87121224e-02	9.42708677e-02	9.02555791e-03	
6.34319919e-01	2.61368757e+00	1.82149310e-02	9.20988256e-02	9.02484886e-03	
6.35466971e-01	2.62273804e+00	1.77292326e-02	8.99675237e-02	9.02415996e-03	
6.36614023e-01	2.63183465e+00	1.72547652e-02	8.78762106e-02	9.02349131e-03	
6.37761076e-01	2.64097441e+00	1.67914861e-02	8.58252381e-02	9.02284331e-03	
6.38908128e-01	2.65015868e+00	1.63391223e-02	8.38137774e-02	9.02221607e-03	
6.40055180e-01	2.65938991e+00	1.58973603e-02	8.18407714e-02	9.02160958e-03	
6.41202233e-01	2.66866692e+00	1.54660673e-02	7.99060774e-02	9.02102413e-03	
6.42349285e-01	2.67798962e+00	1.50450571e-02	7.80092666e-02	9.02045991e-03	
6.43496337e-01	2.68735783e+00	1.46341480e-02	7.61499227e-02	9.01991711e-03	
6.44643390e-01	2.69677419e+00	1.42330398e-02	7.43269986e-02	9.01939576e-03	
6.45790442e-01	2.70623904e+00	1.38415411e-02	7.25399977e-02	9.01889605e-03	
6.46937494e-01	2.71574838e+00	1.34596354e-02	7.07893301e-02	9.01841835e-03	
6.48084546e-01	2.72531082e+00	1.30868026e-02	6.90727500e-02	9.01796244e-03	
6.49231599e-01	2.73492014e+00	1.27231187e-02	6.73911306e-02	9.01752881e-03	
6.50378651e-01	2.74457743e+00	1.23683666e-02	6.57437945e-02	9.01711758e-03	
6.51525703e-01	2.75428632e+00	1.20222465e-02	6.41296102e-02	9.01672880e-03	
6.52672756e-01	2.76404813e+00	1.16845552e-02	6.25479412e-02	9.01636262e-03	
6.53819808e-01	2.77385668e+00	1.13553419e-02	6.09994934e-02	9.01601947e-03	
6.54966860e-01	2.78372034e+00	1.10341663e-02	5.94823397e-02	9.01569923e-03	
6.56113912e-01	2.79363166e+00	1.07211156e-02	5.79973750e-02	9.01540234e-03	
6.57260965e-01	2.80359713e+00	1.04158272e-02	5.65430600e-02	9.01512880e-03	
6.58408017e-01	2.81361783e+00	1.01181230e-02	5.51188365e-02	9.01487878e-03	
6.59555069e-01	2.82369114e+00	9.82793516e-03	5.37247338e-02	9.01465255e-03	
6.60702122e-01	2.83381773e+00	9.54509678e-03	5.23602369e-02	9.01445029e-03	
6.61849174e-01	2.84400145e+00	9.26935949e-03	5.10243701e-02	9.01427212e-03	
6.62996226e-01	2.85423850e+00	9.00068692e-03	4.97173111e-02	9.01411832e-03	
6.64143279e-01	2.86453171e+00	8.73886480e-03	4.84382504e-02	9.01398903e-03	
6.65290331e-01	2.87487860e+00	8.48381855e-03	4.71871403e-02	9.01388447e-03	
6.66437383e-01	2.88528591e+00	8.23524964e-03	4.59626789e-02	9.01380479e-03	
6.67584435e-01	2.89574719e+00	7.99318217e-03	4.47653496e-02	9.01375023e-03	
6.68731488e-01	2.90626849e+00	7.75734519e-03	4.35939806e-02	9.01372096e-03	
6.69878540e-01	2.91685063e+00	7.52759944e-03	4.24481234e-02	9.01371719e-03	
6.71025592e-01	2.92748736e+00	7.30395391e-03	4.13281586e-02	9.01373913e-03	
6.72172645e-01	2.93818521e+00	7.08614695e-03	4.02329323e-02	9.01378698e-03	
6.73319697e-01	2.94894659e+00	6.87401341e-03	3.91618209e-02	9.01386096e-03	
6.74466749e-01	2.95976365e+00	6.66758942e-03	3.81153403e-02	9.01396124e-03	
6.75613802e-01	2.97064809e+00	6.46653642e-03	3.70918605e-02	9.01408811e-03	
6.76760854e-01	2.98159313e+00	6.27087047e-03	3.60917677e-02	9.01424172e-03	
6.77907906e-01	2.99260065e+00	6.08044541e-03	3.51145135e-02	9.01442231e-03	
6.79054958e-01	3.00367306e+00	5.89511047e-03	3.41595123e-02	9.01463012e-03	
6.80202011e-01	3.01480705e+00	5.71481378e-03	3.32267429e-02	9.01486530e-03	
6.81349063e-01	3.02600701e+00	5.53937777e-03	3.23154474e-02	9.01512814e-03	
6.82496115e-01	3.03727399e+00	5.36868522e-03	3.14252088e-02	9.01541889e-03	
6.83643168e-01	3.04860754e+00	5.20264294e-03	3.05557425e-02	9.01573776e-03	
6.84790220e-01	3.06000564e+00	5.04118021e-03	2.97068898e-02	9.01608490e-03	
6.85937272e-01	3.07147540e+00	4.88410012e-03	2.88777416e-02	9.01646074e-03	
6.87084324e-01	3.08301077e+00	4.73139107e-03	2.80684732e-02	9.01686530e-03	
6.88231377e-01	3.09461541e+00	4.58290962e-03	2.72784754e-02	9.01729893e-03	
6.89378429e-01	3.10629052e+00	4.43854871e-03	2.65073452e-02	9.01776188e-03	
6.90525481e-01	3.11803502e+00	4.29823211e-03	2.57548572e-02	9.01825433e-03	
6.91672534e-01	3.12985358e+00	4.16181651e-03	2.50203772e-02	9.01877671e-03	
6.92819586e-01	3.14174537e+00	4.02922733e-03	2.43036750e-02	9.01932921e-03	
6.93966638e-01	3.15370598e+00	3.90042769e-03	2.36047432e-02	9.01991183e-03	
6.95113691e-01	3.16574655e+00	3.77521557e-03	2.29225698e-02	9.02052535e-03	
6.96260743e-01	3.17785692e+00	3.65361649e-03	2.22575133e-02	9.02116949e-03	
6.97407795e-01	3.19004503e+00	3.53546960e-03	2.16087958e-02	9.02184489e-03	
6.98554847e-01	3.20230864e+00	3.42071957e-03	2.09762745e-02	9.02255165e-03	
6.99701900e-01	3.21464781e+00	3.30928842e-03	2.03596632e-02	9.02329000e-03	
7.00848952e-01	3.22706604e+00	3.20106963e-03	1.97584941e-02	9.02406038e-03	
7.01996004e-01	3.23956511e+00	3.09597583e-03	1.91724099e-02	9.02486314e-03	
7.03143057e-01	3.25214233e+00	2.99395816e-03	1.86012863e-02	9.02569836e-03	
7.04290109e-01	3.26480043e+00	2.89492390e-03	1.80447220e-02	9.02656643e-03	
7.05437161e-01	3.27754348e+00	2.79877383e-03	1.75022683e-02	9.02746789e-03	
7.06584213e-01	3.29036555e+00	2.70548550e-03	1.69739506e-02	9.02840257e-03	
7.07731266e-01	3.30327034e+00	2.61496473e-03	1.64593418e-02	9.02937095e-03	
7.08878318e-01	3.31626330e+00	2.52710964e-03	1.59579586e-02	9.03037371e-03	
7.10025370e-01	3.32933674e+00	2.44190927e-03	1.54698863e-02	9.03141049e-03	
7.11172423e-01	3.34250104e+00	2.35923394e-03	1.49944550e-02	9.03248235e-03	
7.12319475e-01	3.35575016e+00	2.27906204e-03	1.45316741e-02	9.03358908e-03	
7.13466527e-01	3.36908999e+00	2.20129885e-03	1.40810836e-02	9.03473140e-03	
7.14613580e-01	3.38251678e+00	2.12590860e-03	1.36425948e-02	9.03590925e-03	
7.15760632e-01	3.39603505e+00	2.05280891e-03	1.32158166e-02	9.03712329e-03	
7.16907684e-01	3.40964140e+00	1.98196251e-03	1.28006425e-02	9.03837345e-03	
7.18054736e-01	3.42334309e+00	1.91327725e-03	1.23966081e-02	9.03966067e-03	
7.19201789e-01	3.43713989e+00	1.84670287e-03	1.20035141e-02	9.04098519e-03	
7.20348841e-01	3.45102996e+00	1.78219680e-03	1.16212072e-02	9.04234712e-03	
7.21495893e-01	3.46501634e+00	1.71969403e-03	1.12493849e-02	9.04374701e-03	
7.22642946e-01	3.47909588e+00	1.65915873e-03	1.08879304e-02	9.04518482e-03	
7.23789998e-01	3.49327691e+00	1.60050674e-03	1.05364067e-02	9.04666166e-03	
7.24937050e-01	3.50755900e+00	1.54369405e-03	1.01946352e-02	9.04817778e-03	
7.26084102e-01	3.52193914e+00	1.48868654e-03	9.86249919e-03	9.04973314e-03	
7.27231155e-01	3.53642080e+00	1.43542541e-03	9.53971598e-03	9.05132840e-03	
7.28378207e-01	3.55100399e+00	1.38386654e-03	9.22609578e-03	9.05296384e-03	
7.29525259e-01	3.56569523e+00	1.33394448e-03	8.92130289e-03	9.05464049e-03	
7.30672312e-01	3.58048769e+00	1.28564065e-03	8.62531094e-03	9.05635786e-03	
7.31819364e-01	3.59538948e+00	1.23888735e-03	8.33776166e-03	9.05811719e-03	
7.32966416e-01	3.61039751e+00	1.19365464e-03	8.05854634e-03	9.05991841e-03	
7.34113469e-01	3.62551443e+00	1.14989521e-03	7.78743641e-03	9.06176215e-03	
7.35260521e-01	3.64074180e+00	1.10756641e-03	7.52423128e-03	9.06364889e-03	
7.36407573e-01	3.65608080e+00	1.06662791e-03	7.26874274e-03	9.06557911e-03	
7.37554625e-01	3.67153420e+00	1.02703611e-03	7.02075727e-03	9.06755347e-03	
7.38701678e-01	3.68709917e+00	9.88762736e-04	6.78016285e-03	9.06957191e-03	
7.39848730e-01	3.70278203e+00	9.51757567e-04	6.54669438e-03	9.07163559e-03	
7.40995782e-01	3.71858228e+00	9.15988384e-04	6.32020700e-03	9.07374477e-03	
7.42142835e-01	3.73449973e+00	8.81422624e-04	6.10055090e-03	9.07589976e-03	
7.43289887e-01	3.75054092e+00	8.48014231e-04	5.88748010e-03	9.07810179e-03	
7.44436939e-01	3.76670337e+00	8.15737543e-04	5.68088691e-03	9.08035087e-03	
7.45583991e-01	3.78298728e+00	7.84561438e-04	5.48062354e-03	9.08264737e-03	
7.46731044e-01	3.79939630e+00	7.54448996e-04	5.28649910e-03	9.08499216e-03	
7.47878096e-01	3.81593280e+00	7.25367088e-04	5.09834638e-03	9.08738594e-03	
7.49025148e-01	3.83259759e+00	6.97286251e-04	4.91602140e-03	9.08982920e-03	
7.50172201e-01	3.84939066e+00	6.70178831e-04	4.73939059e-03	9.09232231e-03	
7.51319253e-01	3.86631676e+00	6.44010478e-04	4.56827073e-03	9.09486636e-03	
7.52466305e-01	3.88337469e+00	6.18756958e-04	4.40254774e-03	9.09746154e-03	
7.53613358e-01	3.90056392e+00	5.94393192e-04	4.24209965e-03	9.10010817e-03	
7.54760410e-01	3.91789371e+00	5.70881401e-04	4.08671151e-03	9.10280807e-03	
7.55907462e-01	3.93536100e+00	5.48201907e-04	3.93629530e-03	9.10556118e-03	
7.57054514e-01	3.95296776e+00	5.26328609e-04	3.79071512e-03	9.10836822e-03	
7.58201567e-01	3.97071590e+00	5.05236155e-04	3.64983843e-03	9.11122992e-03	
7.59348619e-01	3.98860622e+00	4.84901250e-04	3.51354550e-03	9.11414684e-03	
7.60495671e-01	4.00664418e+00	4.65296021e-04	3.38168145e-03	9.11712030e-03	
7.61642724e-01	4.02482766e+00	4.46401739e-04	3.25415576e-03	9.12015039e-03	
7.62789776e-01	4.04315999e+00	4.28194291e-04	3.13083704e-03	9.12323815e-03	
7.63936828e-01	4.06164545e+00	4.10649557e-04	3.01159188e-03	9.12638474e-03	
7.65083880e-01	4.08028400e+00	3.93748233e-04	2.89632029e-03	9.12959064e-03	
7.66230933e-01	4.09907679e+00	3.77470367e-04	2.78491592e-03	9.13285654e-03	
7.67377985e-01	4.11802630e+00	3.61795278e-04	2.67726543e-03	9.13618335e-03	
7.68525037e-01	4.13713438e+00	3.46703544e-04	2.57326307e-03	9.13957191e-03	
7.69672090e-01	4.15640585e+00	3.32174010e-04	2.47278860e-03	9.14302358e-03	
7.70819142e-01	4.17583888e+00	3.18191185e-04	2.37576232e-03	9.14653857e-03	
7.71966194e-01	4.19543849e+00	3.04734958e-04	2.28206866e-03	9.15011833e-03	
7.73113247e-01	4.21520709e+00	2.91787803e-04	2.19160977e-03	9.15376384e-03	
7.74260299e-01	4.23514570e+00	2.79333584e-04	2.10429682e-03	9.15747588e-03	
7.75407351e-01	4.25525448e+00	2.67356997e-04	2.02004594e-03	9.16125502e-03	
7.76554403e-01	4.27553933e+00	2.55839858e-04	1.93875014e-03	9.16510298e-03	
7.77701456e-01	4.29600302e+00	2.44766489e-04	1.86031996e-03	9.16902090e-03	
7.78848508e-01	4.31664304e+00	2.34124353e-04	1.78468856e-03	9.17300889e-03	
7.79995560e-01	4.33746910e+00	2.23895080e-04	1.71174346e-03	9.17706948e-03	
7.81142613e-01	4.35847682e+00	2.14067824e-04	1.64142830e-03	9.18120247e-03	
7.82289665e-01	4.37967132e+00	2.04627442e-04	1.57365282e-03	9.18540952e-03	
7.83436717e-01	4.40105862e+00	1.95559076e-04	1.50832762e-03	9.18969252e-03	
7.84583769e-01	4.42263486e+00	1.86852454e-04	1.44539753e-03	9.19405138e-03	
7.85730822e-01	4.44440527e+00	1.78493805e-04	1.38477939e-03	9.19848789e-03	
7.86877874e-01	4.46637369e+00	1.70470431e-04	1.32639719e-03	9.20300354e-03	
7.88024926e-01	4.48854708e+00	1.62769061e-04	1.27016936e-03	9.20760054e-03	
7.89171979e-01	4.51091991e+00	1.55381091e-04	1.21604975e-03	9.21227852e-03	
7.90319031e-01	4.53349896e+00	1.48293987e-04	1.16396062e-03	9.21703969e-03	
7.91466083e-01	4.55628620e+00	1.41497200e-04	1.11383876e-03	9.22188527e-03	
7.92613136e-01	4.57928703e+00	1.34979544e-04	1.06561506e-03	9.22681725e-03	
7.93760188e-01	4.60250129e+00	1.28731773e-04	1.01923479e-03	9.23183646e-03	
7.94907240e-01	4.62593301e+00	1.22743738e-04	9.74635250e-04	9.23694465e-03	
7.96054292e-01	4.64958779e+00	1.17005315e-04	9.31753064e-04	9.24214395e-03	
7.97201345e-01	4.67346659e+00	1.11507829e-04	8.90535570e-04	9.24743551e-03	
7.98348397e-01	4.69757282e+00	1.06242316e-04	8.50927011e-04	9.25282105e-03	
7.99495449e-01	4.72190844e+00	1.01200389e-04	8.12875507e-04	9.25830198e-03	
8.00642502e-01	4.74647747e+00	9.63735077e-05	7.76327216e-04	9.26388023e-03	
8.01789554e-01	4.77128567e+00	9.17531237e-05	7.41227477e-04	9.26955814e-03	
8.02936606e-01	4.79633373e+00	8.73319299e-05	7.07530942e-04	9.27533695e-03	
8.04083658e-01	4.82162505e+00	8.31023434e-05	6.75189386e-04	9.28121855e-03	
8.05230711e-01	4.84716728e+00	7.90563651e-05	6.44150527e-04	9.28720584e-03	
8.06377763e-01	4.87295730e+00	7.51879872e-05	6.14377651e-04	9.29329928e-03	
8.07524815e-01	4.89900247e+00	7.14897589e-05	5.85821694e-04	9.29950178e-03	
8.08671868e-01	4.92530919e+00	6.79547092e-05	5.58436881e-04	9.30581613e-03	
8.09818920e-01	4.95187720e+00	6.45770106e-05	5.32186237e-04	9.31224354e-03	
8.10965972e-01	4.97871379e+00	6.13500441e-05	5.07025739e-04	9.31878709e-03	
8.12113025e-01	5.00581807e+00	5.82684224e-05	4.82920982e-04	9.32544791e-03	
8.13260077e-01	5.03319664e+00	5.53260517e-05	4.59831214e-04	9.33222901e-03	
8.14407129e-01	5.06085583e+00	5.25171412e-05	4.37717665e-04	9.33913340e-03	
8.15554181e-01	5.08879468e+00	4.98368232e-05	4.16548766e-04	9.34616233e-03	
8.16701234e-01	5.11702395e+00	4.72792903e-05	3.96284637e-04	9.35332001e-03	
8.17848286e-01	5.14554380e+00	4.48399318e-05	3.76894937e-04	9.36060809e-03	
8.18995338e-01	5.17435844e+00	4.25139210e-05	3.58347093e-04	9.36802924e-03	
8.20142391e-01	5.20347381e+00	4.02964775e-05	3.40608489e-04	9.37558668e-03	
8.21289443e-01	5.23289490e+00	3.81830852e-05	3.23648323e-04	9.38328342e-03	
8.22436495e-01	5.26262292e+00	3.61696498e-05	3.07438969e-04	9.39112157e-03	
8.23583548e-01	5.29266575e+00	3.42517699e-05	2.91949816e-04	9.39910502e-03	
8.24730600e-01	5.32302865e+00	3.24254041e-05	2.77152933e-04	9.40723708e-03	
8.25877652e-01	5.35371423e+00	3.06868146e-05	2.63022622e-04	9.41552041e-03	
8.27024704e-01	5.38473213e+00	2.90320125e-05	2.49530692e-04	9.42395963e-03	
8.28171757e-01	5.41608015e+00	2.74577888e-05	2.36655311e-04	9.43255623e-03	
8.29318809e-01	5.44776714e+00	2.59604808e-05	2.24370433e-04	9.44131477e-03	
8.30465861e-01	5.47979740e+00	2.45367930e-05	2.12652862e-04	9.45023867e-03	
8.31612914e-01	5.51218003e+00	2.31833607e-05	2.01478498e-04	9.45933275e-03	
8.32759966e-01	5.54491763e+00	2.18972253e-05	1.90826475e-04	9.46860013e-03	
8.33907018e-01	5.57801467e+00	2.06754577e-05	1.80675911e-04	9.47804451e-03	
8.35054070e-01	5.61147933e+00	1.95151082e-05	1.71005478e-04	9.48767077e-03	
8.36201123e-01	5.64531512e+00	1.84135115e-05	1.61796072e-04	9.49748252e-03	
8.37348175e-01	5.67952808e+00	1.73680199e-05	1.53028502e-04	9.50748421e-03	
8.38495227e-01	5.71412743e+00	1.63760042e-05	1.44683496e-04	9.51768133e-03	
8.39642280e-01	5.74911285e+00	1.54352068e-05	1.36744829e-04	9.52807669e-03	
8.40789332e-01	5.78449666e+00	1.45431214e-05	1.29193862e-04	9.53867690e-03	
8.41936384e-01	5.82028462e+00	1.36975241e-05	1.22014233e-04	9.54948679e-03	
8.43083437e-01	5.85647934e+00	1.28963491e-05	1.15190791e-04	9.56051036e-03	
8.44230489e-01	5.89309072e+00	1.21374510e-05	1.08707477e-04	9.57175390e-03	
8.45377541e-01	5.93012318e+00	1.14188905e-05	1.02549887e-04	9.58322219e-03	
8.46524593e-01	5.96758645e+00	1.07387082e-05	9.67032488e-05	9.59492177e-03	
8.47671646e-01	6.00548484e+00	1.00951296e-05	9.11542820e-05	9.60685767e-03	
8.48818698e-01	6.04382672e+00	9.48637912e-06	8.58895281e-05	9.61903629e-03	
8.49965750e-01	6.08261659e+00	8.91082269e-06	8.08966464e-05	9.63146298e-03	
8.51112803e-01	6.12186614e+00	8.36678554e-06	7.61627730e-05	9.64414552e-03	
8.52259855e-01	6.16158157e+00	7.85275325e-06	7.16763496e-05	9.65709016e-03	
8.53406907e-01	6.20176590e+00	7.36730611e-06	6.74265418e-05	9.67030219e-03	
8.54553959e-01	6.24243313e+00	6.90895862e-06	6.34017780e-05	9.68379073e-03	
8.55701012e-01	6.28359149e+00	6.47636178e-06	5.95916014e-05	9.69756319e-03	
8.56848064e-01	6.32524016e+00	6.06831542e-06	5.59868006e-05	9.71162413e-03	
8.57995116e-01	6.36739928e+00	5.68346782e-06	5.25766488e-05	9.72598534e-03	
8.59142169e-01	6.41006749e+00	5.32072858e-06	4.93527141e-05	9.74065158e-03	
8.60289221e-01	6.45326079e+00	4.97890661e-06	4.63055245e-05	9.75563373e-03	
8.61436273e-01	6.49697948e+00	4.65698917e-06	4.34271573e-05	9.77093745e-03	
8.62583326e-01	6.54123941e+00	4.35389370e-06	4.07089408e-05	9.78657409e-03	
8.63730378e-01	6.58604953e+00	4.06864129e-06	3.81430709e-05	9.80255283e-03	
8.64877430e-01	6.63141422e+00	3.80032373e-06	3.57223142e-05	9.81888146e-03	
8.66024482e-01	6.67734844e+00	3.54801382e-06	3.34391713e-05	9.83557182e-03	
8.67171535e-01	6.72385742e+00	3.31088267e-06	3.12869827e-05	9.85263255e-03	
8.68318587e-01	6.77095175e+00	3.08811000e-06	2.92590904e-05	9.87007445e-03	
8.69465639e-01	6.81864346e+00	2.87891191e-06	2.73491031e-05	9.88790924e-03	
8.70612692e-01	6.86693769e+00	2.68256961e-06	2.55511736e-05	9.90614633e-03	
8.71759744e-01	6.91585051e+00	2.49835575e-06	2.38593037e-05	9.92479957e-03	
8.72906796e-01	6.96539119e+00	2.32560634e-06	2.22680309e-05	9.94388063e-03	
8.74053848e-01	7.01556706e+00	2.16369496e-06	2.07721895e-05	9.96340072e-03	
8.75200901e-01	7.06639546e+00	2.01199488e-06	1.93665494e-05	9.98337535e-03	
8.76347953e-01	7.11787840e+00	1.86995632e-06	1.80465621e-05	1.00038144e-02	
8.77495005e-01	7.17003580e+00	1.73700659e-06	1.68074039e-05	1.00247352e-02	
8.78642058e-01	7.22287556e+00	1.61263515e-06	1.56447980e-05	1.00461508e-02	
8.79789110e-01	7.27640810e+00	1.49634981e-06	1.45545962e-05	1.00680757e-02	
8.80936162e-01	7.33064437e+00	1.38768212e-06	1.35328334e-05	1.00905248e-02	
8.82083215e-01	7.38560113e+00	1.28617682e-06	1.25756273e-05	1.01135163e-02	
8.83230267e-01	7.44128807e+00	1.19141674e-06	1.16794246e-05	1.01370656e-02	
8.84377319e-01	7.49772029e+00	1.10299654e-06	1.08407470e-05	1.01611913e-02	
8.85524371e-01	7.55490596e+00	1.02054371e-06	1.00563993e-05	1.01859093e-02	
8.86671424e-01	7.61286292e+00	9.43690886e-07	9.32320103e-06	1.02112402e-02	
8.87818476e-01	7.67160284e+00	8.72099830e-07	8.63822323e-06	1.02372027e-02	
8.88965528e-01	7.73113967e+00	8.05447356e-07	7.99865316e-06	1.02638173e-02	
8.90112581e-01	7.79148404e+00	7.43431409e-07	7.40185627e-06	1.02911032e-02	
8.91259633e-01	7.85265327e+00	6.85759653e-07	6.84526503e-06	1.03190836e-02	
8.92406685e-01	7.91466338e+00	6.32157823e-07	6.32646356e-06	1.03477820e-02	
8.93553737e-01	7.97752344e+00	5.82372837e-07	5.84322118e-06	1.03772192e-02	
8.94700790e-01	8.04125310e+00	5.36157114e-07	5.39333725e-06	1.04074218e-02	
8.95847842e-01	8.10586929e+00	4.93280048e-07	4.97475752e-06	1.04384160e-02	
8.96994894e-01	8.17137819e+00	4.53530673e-07	4.58560319e-06	1.04702238e-02	
8.98141947e-01	8.23780528e+00	4.16698496e-07	4.22397906e-06	1.05028773e-02	
8.99288999e-01	8.30516283e+00	3.82593164e-07	3.88817345e-06	1.05364033e-02	
9.00436051e-01	8.37346508e+00	3.51034231e-07	3.57655644e-06	1.05708306e-02	
9.01583104e-01	8.44273488e+00	3.21848047e-07	3.28754927e-06	1.06061932e-02	
9.02730156e-01	8.51297799e+00	2.94878510e-07	3.01973538e-06	1.06425177e-02	
9.03877208e-01	8.58422112e+00	2.69970637e-07	2.77169391e-06	1.06798427e-02	
9.05024260e-01	8.65647917e+00	2.46983503e-07	2.54213290e-06	1.07182018e-02	
9.06171313e-01	8.72976873e+00	2.25784073e-07	2.32982760e-06	1.07576308e-02	
9.07318365e-01	8.80410751e+00	2.06247204e-07	2.13362129e-06	1.07981677e-02	
9.08465417e-01	8.87951506e+00	1.88255110e-07	1.95242085e-06	1.08398526e-02	
9.09612470e-01	8.95600947e+00	1.71697838e-07	1.78520257e-06	1.08827268e-02	
9.10759522e-01	9.03360887e+00	1.56472352e-07	1.63100358e-06	1.09268328e-02	
9.11906574e-01	9.11233096e+00	1.42482273e-07	1.48892010e-06	1.09722148e-02	
9.13053626e-01	9.19220028e+00	1.29636346e-07	1.35809208e-06	1.10189226e-02	
9.14200679e-01	9.27323013e+00	1.17851058e-07	1.23773145e-06	1.10670017e-02	
9.15347731e-01	9.35544304e+00	1.07046969e-07	1.12708445e-06	1.11165045e-02	
9.16494783e-01	9.43886129e+00	9.71500519e-08	1.02544624e-06	1.11674857e-02	
9.17641836e-01	9.52350463e+00	8.80915823e-08	9.32160477e-07	1.12200008e-02	
9.18788888e-01	9.60938942e+00	7.98077661e-08	8.46616029e-07	1.12741053e-02	
9.19935940e-01	9.69654236e+00	7.22381826e-08	7.68231035e-07	1.13298638e-02	
9.21082993e-01	9.78497990e+00	6.53275026e-08	6.96471655e-07	1.13873369e-02	
9.22230045e-01	9.87472812e+00	5.90234836e-08	6.30831303e-07	1.14465942e-02	
9.23377097e-01	9.96580569e+00	5.32781141e-08	5.70843295e-07	1.15077037e-02	
9.24524149e-01	1.00582355e+01	4.80464777e-08	5.16069198e-07	1.15707388e-02	
9.25671202e-01	1.01520415e+01	4.32868690e-08	4.66100473e-07	1.16357773e-02	
9.26818254e-01	1.02472479e+01	3.89606039e-08	4.20556841e-07	1.17029005e-02	
9.27965306e-01	1.03438674e+01	3.50322928e-08	3.79089631e-07	1.17721853e-02	
9.29112359e-01	1.04419344e+01	3.14682775e-08	3.41365250e-07	1.18437279e-02	
9.30259411e-01	1.05414673e+01	2.82380482e-08	3.07080814e-07	1.19176172e-02	
9.31406463e-01	1.06424896e+01	2.53132024e-08	2.75953210e-07	1.19939501e-02	
9.32553515e-01	1.07450259e+01	2.26674616e-08	2.47719549e-07	1.20728291e-02	
9.33700568e-01	1.08491009e+01	2.02765951e-08	2.22136610e-07	1.21543615e-02	
9.34847620e-01	1.09547354e+01	1.81183154e-08	1.98979957e-07	1.22386569e-02	
9.35994672e-01	1.10619543e+01	1.61720106e-08	1.78041250e-07	1.23258335e-02	
9.37141725e-01	1.11707869e+01	1.44186319e-08	1.59127217e-07	1.24160193e-02	
9.38288777e-01	1.12812490e+01	1.28408749e-08	1.42061868e-07	1.25093371e-02	
9.39435829e-01	1.13933717e+01	1.14226091e-08	1.26680397e-07	1.26059293e-02	
9.40582882e-01	1.15071770e+01	1.01491540e-08	1.12832405e-07	1.27059374e-02	
9.41729934e-01	1.16226917e+01	9.00699000e-09	1.00378868e-07	1.28095149e-02	
9.42876986e-01	1.17399382e+01	7.98376971e-09	8.91924177e-08	1.29168193e-02	
9.44024038e-01	1.18589426e+01	7.06816190e-09	7.91557483e-08	1.30280197e-02	
9.45171091e-01	1.19797275e+01	6.24982910e-09	7.01615000e-08	1.31432912e-02	
9.46318143e-01	1.21023213e+01	5.51929072e-09	6.21108493e-08	1.32628239e-02	
9.47465195e-01	1.22267465e+01	4.86793280e-09	5.49137331e-08	1.33868127e-02	
9.48612248e-01	1.23530269e+01	4.28789655e-09	4.84877039e-08	1.35154645e-02	
9.49759300e-01	1.24811859e+01	3.77202371e-09	4.27574098e-08	1.36489973e-02	
9.50906352e-01	1.26112506e+01	3.31379237e-09	3.76539598e-08	1.37876456e-02	
9.52053405e-01	1.27432453e+01	2.90728905e-09	3.31146903e-08	1.39316544e-02	
9.53200457e-01	1.28771903e+01	2.54715951e-09	2.90826844e-08	1.40812781e-02	
9.54347509e-01	1.30131163e+01	2.22852379e-09	2.55058750e-08	1.42367984e-02	
9.55494561e-01	1.31510407e+01	1.94699712e-09	2.23373481e-08	1.43984977e-02	
9.56641614e-01	1.32909855e+01	1.69860234e-09	1.95344019e-08	1.45666812e-02	
9.57788666e-01	1.34329787e+01	1.47973935e-09	1.70582499e-08	1.47416796e-02	
9.58935718e-01	1.35770445e+01	1.28717004e-09	1.48738973e-08	1.49238393e-02	
9.60082771e-01	1.37231978e+01	1.11798889e-09	1.29498490e-08	1.51135163e-02	
9.61229823e-01	1.38714622e+01	9.69571105e-10	1.12575530e-08	1.53110999e-02	
9.62376875e-01	1.40218630e+01	8.39559163e-10	9.77128156e-09	1.55170069e-02	
9.63523927e-01	1.41744183e+01	7.25844745e-10	8.46795632e-09	1.57316703e-02	
9.64670980e-01	1.43291472e+01	6.26538546e-10	7.32682952e-09	1.59555527e-02	
9.65818032e-01	1.44860686e+01	5.39950395e-10	6.32928055e-09	1.61891465e-02	
9.66965084e-01	1.46452064e+01	4.64568792e-10	5.45860265e-09	1.64329841e-02	
9.68112137e-01	1.48065732e+01	3.99051188e-10	4.69991281e-09	1.66876160e-02	
9.69259189e-01	1.49701872e+01	3.42199383e-10	4.03988442e-09	1.69536385e-02	
9.70406241e-01	1.51360703e+01	2.92947417e-10	3.46662368e-09	1.72316952e-02	
9.71553294e-01	1.53042322e+01	2.50352643e-10	2.96958185e-09	1.75224528e-02	
9.72700346e-01	1.54746903e+01	2.13577559e-10	2.53935619e-09	1.78266378e-02	
9.73847398e-01	1.56474602e+01	1.81881682e-10	2.16760749e-09	1.81450248e-02	
9.74994450e-01	1.58225501e+01	1.54612237e-10	1.84696224e-09	1.84784294e-02	
9.76141503e-01	1.59999780e+01	1.31192068e-10	1.57087996e-09	1.88277447e-02	
9.77288555e-01	1.61797504e+01	1.11114662e-10	1.33360391e-09	1.91939059e-02	
9.78435607e-01	1.63618824e+01	9.39339898e-11	1.13004863e-09	1.95779343e-02	
9.79582660e-01	1.65463800e+01	7.92596864e-11	9.55750186e-10	1.99809078e-02	
9.80729712e-01	1.67332503e+01	6.67497663e-11	8.06785862e-10	2.04039872e-02	
9.81876764e-01	1.69225009e+01	5.61053113e-11	6.79716490e-10	2.08484221e-02	
9.83023816e-01	1.71141367e+01	4.70657071e-11	5.71534606e-10	2.13155515e-02	
9.84170869e-01	1.73081628e+01	3.94040121e-11	4.79613412e-10	2.18068185e-02	
9.85317921e-01	1.75045783e+01	3.29232290e-11	4.01665981e-10	2.23237629e-02	
9.86464973e-01	1.77033917e+01	2.74521913e-11	3.35699133e-10	2.28680723e-02	
9.87612026e-01	1.79045996e+01	2.28430888e-11	2.79986718e-10	2.34415359e-02	
9.88759078e-01	1.81082022e+01	1.89681429e-11	2.33032043e-10	2.40460973e-02	
9.89906130e-01	1.83141928e+01	1.57172937e-11	1.93542194e-10	2.46838370e-02	
9.91053183e-01	1.85225728e+01	1.29957374e-11	1.60400128e-10	2.53570342e-02	
9.92200235e-01	1.87333343e+01	1.07222154e-11	1.32645660e-10	2.60681264e-02	
9.93347287e-01	1.89464687e+01	8.82711467e-12	1.09453802e-10	2.68197539e-02	
9.94494339e-01	1.91619744e+01	7.25087294e-12	9.01165984e-11	2.76148079e-02	
9.95641392e-01	1.93798317e+01	5.94281788e-12	7.40300719e-11	2.84563600e-02	
9.96788444e-01	1.96000386e+01	4.85971752e-12	6.06773882e-11	2.93478191e-02	
9.97935496e-01	1.98225758e+01	3.96495346e-12	4.96195589e-11	3.02928227e-02	
9.99082549e-01	2.00474337e+01	3.22746498e-12	4.04831361e-11	3.12953738e-02	
1.00022960e+00	2.02745929e+01	2.62103195e-12	3.29519853e-11	3.23597922e-02	
1.00137665e+00	2.05040384e+01	2.12353438e-12	2.67586429e-11	3.34908103e-02	
1.00252371e+00	2.07357525e+01	1.71637358e-12	2.16775894e-11	3.46935857e-02	
1.00367076e+00	2.09697124e+01	1.38395141e-12	1.75191587e-11	3.59737258e-02	
1.00481781e+00	2.12058959e+01	1.11320835e-12	1.41241059e-11	3.73373718e-02	
1.00596486e+00	2.14442839e+01	8.93237817e-13	1.13590651e-11	3.87912680e-02	
1.00711191e+00	2.16848445e+01	7.14966859e-13	9.11278750e-12	4.03427275e-02	
1.00825897e+00	2.19275595e+01	5.70847361e-13	7.29245987e-12	4.19998679e-02	
1.00940602e+00	2.21723972e+01	4.54633456e-13	5.82107288e-12	4.37715151e-02	
1.01055307e+00	2.24193315e+01	3.61159931e-13	4.63476457e-12	4.56674188e-02	
1.01170012e+00	2.26683274e+01	2.86171832e-13	3.68078418e-12	4.76982417e-02	
1.01284718e+00	2.29193549e+01	2.26169308e-13	2.91562307e-12	4.98757763e-02	
1.01399423e+00	2.31723842e+01	1.78282816e-13	2.30351113e-12	5.22130433e-02	
1.01514128e+00	2.34273754e+01	1.40167615e-13	1.81514166e-12	5.47243275e-02	
1.01628833e+00	2.36842987e+01	1.09909977e-13	1.42652985e-12	5.74255355e-02	
1.01743539e+00	2.39431147e+01	8.59548213e-14	1.11813381e-12	6.03341786e-02	
1.01858244e+00	2.42037820e+01	6.70409230e-14	8.74061953e-13	6.34696453e-02	
1.01972949e+00	2.44662658e+01	5.21478428e-14	6.81422029e-13	6.68535402e-02	
1.02087654e+00	2.47305240e+01	4.04530952e-14	5.29795262e-13	7.05097877e-02	
1.02202359e+00	2.49965148e+01	3.12952571e-14	4.10780891e-13	7.44650131e-02	
1.02317065e+00	2.52641938e+01	2.41440265e-14	3.17625753e-13	7.87488442e-02	
1.02431770e+00	2.55335224e+01	1.85752878e-14	2.44914654e-13	8.33944482e-02	
1.02546475e+00	2.58044497e+01	1.42511984e-14	1.88322722e-13	8.84386592e-02	
1.02661180e+00	2.60769325e+01	1.09030747e-14	1.44401385e-13	9.39228374e-02	
1.02775886e+00	2.63509254e+01	8.31803857e-15	1.10411230e-13	9.98932892e-02	
1.02890591e+00	2.66263764e+01	6.32793976e-15	8.41828301e-14	1.06401820e-01	
1.03005296e+00	2.69032433e+01	4.80025268e-15	6.40019302e-14	1.13506881e-01	
1.03120001e+00	2.71814694e+01	3.63097309e-15	4.85197677e-14	1.21273884e-01	
1.03234707e+00	2.74610111e+01	2.73861050e-15	3.66768127e-14	1.29776914e-01	
1.03349412e+00	2.77418122e+01	2.05959712e-15	2.76444630e-14	1.39099213e-01	
1.03464117e+00	2.80238242e+01	1.54444337e-15	2.07759725e-14	1.49335163e-01	
1.03578822e+00	2.83069929e+01	1.15476823e-15	1.55684949e-14	1.60591419e-01	
1.03693527e+00	2.85912652e+01	8.60885904e-16	1.16321169e-14	1.72989000e-01	
1.03808233e+00	2.88765889e+01	6.39909735e-16	8.66547105e-15	1.86665450e-01	
1.03922938e+00	2.91629048e+01	4.74254621e-16	6.43641838e-15	2.01776923e-01	
1.04037643e+00	2.94501603e+01	3.50444016e-16	4.76660893e-15	2.18501785e-01	
1.04152348e+00	2.97382995e+01	2.58187891e-16	3.51952348e-15	2.37043533e-01	
1.04267054e+00	3.00272691e+01	1.89652205e-16	2.59096749e-15	2.57635161e-01	
1.04381759e+00	3.03170059e+01	1.38894146e-16	1.90170446e-15	2.80542944e-01	
1.04496464e+00	3.06074561e+01	1.01416569e-16	1.39162418e-15	3.06073329e-01	
1.04611169e+00	3.08985591e+01	7.38296623e-17	1.01530578e-15	3.34578220e-01	
1.04725874e+00	3.11902586e+01	5.35853348e-17	7.38522624e-16	3.66463604e-01	
1.04840580e+00	3.14824966e+01	3.87749226e-17	5.35574179e-16	4.02198169e-01	
1.04955285e+00	3.17752094e+01	2.79734130e-17	3.87225497e-16	4.42323358e-01	
1.05069990e+00	3.20683398e+01	2.01199149e-17	2.79121563e-16	4.87467803e-01	
1.05184695e+00	3.23618211e+01	1.44275994e-17	2.00589893e-16	5.38360188e-01	
1.05299401e+00	3.26556036e+01	1.03143591e-17	1.43715599e-16	5.95851882e-01	
1.05414106e+00	3.29496142e+01	7.35148413e-18	1.02655529e-16	6.60931424e-01	
1.05528811e+00	3.32437964e+01	5.22382638e-18	7.31039240e-17	7.34757942e-01	
1.05643516e+00	3.35380897e+01	3.70068117e-18	5.19011799e-17	8.18688830e-01	
1.05758222e+00	3.38324227e+01	2.61371171e-18	3.67363349e-17	9.14314482e-01	
1.05872927e+00	3.41267399e+01	1.84040154e-18	2.59234196e-17	1.02351185e+00	
1.05987632e+00	3.44209753e+01	1.29195530e-18	1.82376019e-17	1.14849153e+00	
1.06102337e+00	3.47150604e+01	9.04200908e-19	1.27915951e-17	1.29186564e+00	
1.06217042e+00	3.50089371e+01	6.30902321e-19	8.94458918e-18	1.45673566e+00	
1.06331748e+00	3.53025325e+01	4.38878016e-19	6.23561934e-18	1.64677800e+00	
1.06446453e+00	3.55957800e+01	3.04376951e-19	4.33395117e-18	1.86637432e+00	
1.06561158e+00	3.58886202e+01	2.10457106e-19	3.00311057e-18	2.12076351e+00	
1.06675863e+00	3.61809806e+01	1.45078840e-19	2.07465683e-18	2.41620555e+00	
1.06790569e+00	3.64727960e+01	9.97089263e-20	1.42892588e-18	2.76022143e+00	
1.06905274e+00	3.67639954e+01	6.83214829e-20	9.81217780e-19	3.16185518e+00	
1.07019979e+00	3.70545058e+01	4.66744171e-20	6.71766729e-19	3.63201604e+00	
1.07134684e+00	3.73442642e+01	3.17905522e-20	4.58530389e-19	4.18392194e+00	
1.07249390e+00	3.76331973e+01	2.15883777e-20	3.12046653e-19	4.83359393e+00	
1.07364095e+00	3.79212376e+01	1.46165940e-20	2.11725994e-19	5.60054312e+00	
1.07478800e+00	3.82083020e+01	9.86704233e-21	1.43232797e-19	6.50853559e+00	
1.07593505e+00	3.84943303e+01	6.64109403e-21	9.66098942e-20	7.58673827e+00	
1.07708210e+00	3.87792393e+01	4.45670873e-21	6.49713268e-20	8.87087793e+00	
1.07822916e+00	3.90629586e+01	2.98204080e-21	4.35657895e-20	1.04050075e+01	
1.07937621e+00	3.93454085e+01	1.98950643e-21	2.91273447e-20	1.22435016e+01	
1.08052326e+00	3.96265173e+01	1.32346496e-21	1.94173765e-20	1.44538066e+01	
1.08167031e+00	3.99062046e+01	8.77854869e-22	1.29069137e-20	1.71197221e+01	
1.08281737e+00	4.01843921e+01	5.80607125e-22	8.55465795e-21	2.03458078e+01	
1.08396442e+00	4.04610055e+01	3.82908032e-22	5.65372127e-21	2.42630219e+01	
1.08511147e+00	4.07359496e+01	2.51811497e-22	3.72592516e-21	2.90355180e+01	
1.08625852e+00	4.10091541e+01	1.65129687e-22	2.44850736e-21	3.48706449e+01	
1.08740558e+00	4.12805302e+01	1.07982869e-22	1.60452998e-21	4.20303323e+01	
1.08855263e+00	4.15499943e+01	7.04160654e-23	1.04852908e-21	5.08472496e+01	
1.08969968e+00	4.18174576e+01	4.57916538e-23	6.83297512e-22	6.17451272e+01	
1.09084673e+00	4.20828349e+01	2.96965288e-23	4.44061398e-22	7.52661513e+01	
1.09199378e+00	4.23460366e+01	1.92061095e-23	2.87799210e-22	9.21063335e+01	
1.09314084e+00	4.26069716e+01	1.23878834e-23	1.86019816e-22	1.13162863e+02	
1.09428789e+00	4.28655429e+01	7.96878458e-24	1.19912687e-22	1.39596381e+02	
1.09543494e+00	4.31216579e+01	5.11250180e-24	7.70932789e-23	1.72915633e+02	
1.09658199e+00	4.33752256e+01	3.27135889e-24	4.94333766e-23	2.15090144e+02	
1.09772905e+00	4.36261344e+01	2.08784150e-24	3.16153287e-23	2.68697212e+02	
1.09887610e+00	4.38742979e+01	1.32905345e-24	2.01673933e-23	3.37134840e+02	
1.10002315e+00	4.41195984e+01	8.43892340e-25	1.28321834e-23	4.24886441e+02	
1.10117020e+00	4.43619422e+01	5.34484479e-25	8.14430190e-24	5.37914619e+02	
1.10231726e+00	4.46012185e+01	3.37677872e-25	5.15615160e-24	6.84167615e+02	
1.10346431e+00	4.48373122e+01	2.12817613e-25	3.25637200e-24	8.74294693e+02	
1.10461136e+00	4.50701169e+01	1.33800909e-25	2.05157755e-24	1.12264649e+03	
1.10575841e+00	4.52995155e+01	8.39215428e-26	1.28944798e-24	1.44863540e+03	
1.10690546e+00	4.55253836e+01	5.25135691e-26	8.08541774e-25	1.87865037e+03	
1.10805252e+00	4.57476078e+01	3.27840381e-26	5.05816508e-25	2.44878972e+03	
1.10919957e+00	4.59660619e+01	2.04203963e-26	3.15713690e-25	3.20863333e+03	
1.11034662e+00	4.61806152e+01	1.26910289e-26	1.96618260e-25	4.22665096e+03	
1.11149367e+00	4.63911417e+01	7.86997276e-27	1.22179146e-25	5.59797307e+03	
1.11264073e+00	4.65974994e+01	4.86989061e-27	7.57598270e-26	7.45534539e+03	
1.11378778e+00	4.67995556e+01	3.00710180e-27	4.68773325e-26	9.98528798e+03	
1.11493483e+00	4.69971650e+01	1.85303265e-27	2.89462228e-26	1.34511269e+04	
1.11608188e+00	4.71901851e+01	1.13956927e-27	1.78378584e-26	1.82270701e+04	
1.11722893e+00	4.73784654e+01	6.99426666e-28	1.09707521e-26	2.48478780e+04	
1.11837599e+00	4.75618481e+01	4.28462592e-28	6.73439277e-27	3.40823063e+04	
1.11952304e+00	4.77401801e+01	2.61980304e-28	4.12614587e-27	4.70432452e+04	
1.12067009e+00	4.79132944e+01	1.59895453e-28	2.52348973e-27	6.53506951e+04	
1.12181714e+00	4.80810176e+01	9.74194448e-29	1.54063464e-27	9.13783464e+04	
1.12296420e+00	4.82431834e+01	5.92533736e-29	9.38976592e-28	1.28630503e+05	
1.12411125e+00	4.83996118e+01	3.59803565e-29	5.71339057e-28	1.82311510e+05	
1.12525830e+00	4.85501202e+01	2.18135848e-29	3.47089405e-28	2.60207451e+05	
1.12640535e+00	4.86945132e+01	1.32048488e-29	2.10539074e-28	3.74042449e+05	
1.12755241e+00	4.88326027e+01	7.98181970e-30	1.27522039e-28	5.41617938e+05	
1.12869946e+00	4.89641854e+01	4.81796931e-30	7.71312778e-29	7.90139322e+05	
1.12984651e+00	4.90890494e+01	2.90440857e-30	4.65914762e-29	1.16149557e+06	
1.13099356e+00	4.92069869e+01	1.74865113e-30	2.81082174e-29	1.72073999e+06	
1.13214061e+00	4.93177750e+01	1.05156827e-30	1.69374521e-29	2.56960725e+06	
1.13328767e+00	4.94211887e+01	6.31668584e-31	1.01948178e-29	3.86857510e+06	
1.13443472e+00	4.95169917e+01	3.79051211e-31	6.13008888e-30	5.87274126e+06	
1.13558177e+00	4.96049473e+01	2.27242363e-31	3.68244260e-30	8.99129521e+06	
1.13672882e+00	4.96848045e+01	1.36115123e-31	2.21019193e-30	1.38857596e+07	
1.13787588e+00	4.97563095e+01	8.14672988e-32	1.32550986e-30	2.16355034e+07	
1.13902293e+00	4.98191973e+01	4.87267653e-32	7.94405750e-31	3.40164473e+07	
1.14016998e+00	4.98732008e+01	2.91267053e-32	4.75817521e-31	5.39790752e+07	
1.14131703e+00	4.99180490e+01	1.74005118e-32	2.84829183e-31	8.64753371e+07	
1.14246409e+00	4.99534460e+01	1.03913738e-32	1.70438595e-31	1.39871194e+08	
1.14361114e+00	4.99791013e+01	6.20411925e-33	1.01963974e-31	2.28458137e+08	
1.14475819e+00	4.99947252e+01	3.70265998e-33	6.09749165e-32	3.76985391e+08	
1.14590524e+00	4.99999938e+01	2.24916729e-33	3.71132541e-32	6.17410749e+08	
